Date,Number of Files
2024-01-21,3
2024-01-22,10
2024-01-23,6
2024-01-24,4
2024-01-25,5
2024-01-26,2
2024-01-27,4
2024-01-28,5
2024-01-29,4
2024-01-30,4
2024-01-31,11
2024-02-01,4
2024-02-02,11
2024-02-03,4
2024-02-04,3
2024-02-05,2
2024-02-06,2
2024-02-07,8
2024-02-08,5
2024-02-09,1
2024-02-10,2
2024-02-11,4
2024-02-12,7
2024-02-13,9
2024-02-14,5
2024-02-15,8
2024-02-16,9
2024-02-17,2
2024-02-18,4
2024-02-19,5
2024-02-20,3
2024-02-21,1
2024-02-22,4
2024-02-23,1
2024-02-26,7
2024-03-04,4
2024-03-05,6
2024-03-06,7
2024-03-07,2
2024-03-08,1
2024-03-09,2
2024-03-10,1
2024-03-11,4
2024-03-12,2
2024-03-13,6
2024-03-14,4
2024-03-15,8
2024-03-16,1
2024-03-17,2
2024-03-18,6
2024-03-19,4
2024-03-20,5
2024-03-21,5
2024-03-22,11
2024-03-23,2
2024-03-25,10
2024-03-26,2
2024-03-27,1
2024-03-28,6
2024-03-29,9
2024-03-30,3
2024-03-31,1
2024-04-01,7
2024-04-02,3
2024-04-03,5
2024-04-04,2
2024-04-05,6
2024-04-06,2
2024-04-07,3
2024-04-08,4
2024-04-09,8
2024-04-10,9
2024-04-11,7
2024-04-13,1
2024-04-14,2
2024-04-15,6
2024-04-16,4
2024-04-17,9
2024-04-18,3
2024-04-19,7
2024-04-20,2
2024-04-21,2
2024-04-22,7
2024-04-23,6
2024-04-24,3
2024-04-25,1
2024-04-26,1
2024-04-27,4
2024-04-28,1
2024-04-29,1
2024-04-30,1
2024-05-01,3
2024-05-02,2
2024-05-03,4
2024-05-04,1
2024-05-05,2
2024-05-06,9
2024-05-07,3
2024-05-08,4
2024-05-09,2
2024-05-10,1
2024-05-13,1
2024-05-14,1
2024-05-15,6
2024-05-16,10
2024-05-17,3
2024-05-18,1
2024-05-19,3
2024-05-20,6
2024-05-21,2
2024-05-22,8
2024-05-23,6
2024-05-24,8
2024-05-25,2
2024-05-26,2
2024-05-27,17
2024-05-28,8
2024-05-29,9
2024-05-30,14
2024-05-31,8
2024-06-01,2
2024-06-02,2
2024-06-03,9
2024-06-04,9
2024-06-05,8
2024-06-06,8
2024-06-07,10
2024-06-08,1
2024-06-09,1
2024-06-10,9
2024-06-11,5
2024-06-12,6
2024-06-13,5
2024-06-14,8
2024-06-15,2
2024-06-16,1
2024-06-17,2
2024-06-18,3
2024-06-19,5
2024-06-20,8
2024-06-21,2
2024-06-22,3
2024-06-23,5
2024-06-24,4
2024-06-25,5
2024-06-26,7
2024-06-27,1
2024-06-28,2
2024-06-29,1
2024-06-30,2
2024-07-01,3
2024-07-03,5
2024-07-04,10
2024-07-05,10
2024-07-06,3
2024-07-08,2
2024-07-09,3
2024-07-10,5
2024-07-11,1
2024-07-12,5
2024-07-13,10
2024-07-14,2
2024-07-15,6
2024-07-16,6
2024-07-17,5
2024-07-18,4
2024-07-19,7
2024-07-20,2
2024-07-21,2
2024-07-22,7
2024-07-23,7
2024-07-24,3
2024-07-25,4
2024-07-26,10
2024-07-27,2
2024-07-28,2
2024-07-29,8
2024-07-30,7
2024-07-31,3
2024-08-01,3
2024-08-02,3
2024-08-03,3
2024-08-04,2
2024-08-05,5
2024-08-06,2
