model,cve,sector,count
deepseek-r1,CVE-1234-5678,Aviation,1
deepseek-r1,CVE-2014-0226,Health,1
deepseek-r1,CVE-2015-3450,Telecom,2
deepseek-r1,CVE-2017-0001,Transport,2
deepseek-r1,CVE-2017-0141,Transport,2
deepseek-r1,CVE-2017-0143,Energy,1
deepseek-r1,CVE-2017-0143,Rail,2
deepseek-r1,CVE-2017-0143,Semiconductors,2
deepseek-r1,CVE-2017-0143,Water,3
deepseek-r1,CVE-2017-0199,Health,2
deepseek-r1,CVE-2017-0199,Water,1
deepseek-r1,CVE-2017-1000353,Cloud,1
deepseek-r1,CVE-2017-17113,Ports,2
deepseek-r1,CVE-2017-5634,Research,1
deepseek-r1,CVE-2017-5636,Ports,1
deepseek-r1,CVE-2018-10508,Water,1
deepseek-r1,CVE-2018-10523,Water,1
deepseek-r1,CVE-2018-10539,Elections,1
deepseek-r1,CVE-2018-10565,Energy,1
deepseek-r1,CVE-2018-10587,Manufacturing,1
deepseek-r1,CVE-2018-1059,Energy,1
deepseek-r1,CVE-2018-1059,Rail,3
deepseek-r1,CVE-2018-1059,Telecom,1
deepseek-r1,CVE-2018-1059,Water,2
deepseek-r1,CVE-2018-10595,Aerospace,1
deepseek-r1,CVE-2018-10596,Telecom,2
deepseek-r1,CVE-2018-11110,Ports,2
deepseek-r1,CVE-2018-11795,Energy,1
deepseek-r1,CVE-2018-14972,Ports,1
deepseek-r1,CVE-2018-19999,Sanctions,1
deepseek-r1,CVE-2018-20045,Health,1
deepseek-r1,CVE-2019-0604,Energy,2
deepseek-r1,CVE-2019-0604,Water,1
deepseek-r1,CVE-2019-0809,Finance,1
deepseek-r1,CVE-2019-0884,Aerospace,1
deepseek-r1,CVE-2019-0886,Aerospace,1
deepseek-r1,CVE-2019-1249,Ports,1
deepseek-r1,CVE-2019-12492,Ports,1
deepseek-r1,CVE-2019-12952,Rail,1
deepseek-r1,CVE-2019-15107,Telecom,1
deepseek-r1,CVE-2019-19059,Ports,2
deepseek-r1,CVE-2020-0601,Energy,1
deepseek-r1,CVE-2020-0798,Transport,1
deepseek-r1,CVE-2020-0932,Energy,1
deepseek-r1,CVE-2020-10588,Transport,2
deepseek-r1,CVE-2020-1262,Water,1
deepseek-r1,CVE-2020-12970,Cloud,1
deepseek-r1,CVE-2020-1336,Health,2
deepseek-r1,CVE-2020-1337,Health,2
deepseek-r1,CVE-2020-1337,Research,2
deepseek-r1,CVE-2020-13379,Health,1
deepseek-r1,CVE-2020-1338,Research,1
deepseek-r1,CVE-2020-1390,Water,1
deepseek-r1,CVE-2020-1391,Water,1
deepseek-r1,CVE-2020-1395,Cloud,2
deepseek-r1,CVE-2020-13996,Manufacturing,1
deepseek-r1,CVE-2020-1472,Defense,1
deepseek-r1,CVE-2020-1472,Energy,6
deepseek-r1,CVE-2020-1472,Finance,1
deepseek-r1,CVE-2020-1472,Health,1
deepseek-r1,CVE-2020-1472,Manufacturing,1
deepseek-r1,CVE-2020-1472,Sanctions,2
deepseek-r1,CVE-2020-1472,Telecom,3
deepseek-r1,CVE-2020-1472,Transport,1
deepseek-r1,CVE-2020-1476,Energy,2
deepseek-r1,CVE-2020-1476,Health,3
deepseek-r1,CVE-2020-1507,Aerospace,1
deepseek-r1,CVE-2020-15177,Aerospace,1
deepseek-r1,CVE-2020-16011,Telecom,1
deepseek-r1,CVE-2020-1952,Transport,2
deepseek-r1,CVE-2020-1957,Elections,1
deepseek-r1,CVE-2020-1957,Finance,1
deepseek-r1,CVE-2020-3551,Government,2
deepseek-r1,CVE-2020-35676,Government,1
deepseek-r1,CVE-2020-5902,Sanctions,1
deepseek-r1,CVE-2021-1184,Health,1
deepseek-r1,CVE-2021-1190,Health,5
deepseek-r1,CVE-2021-11909,Energy,1
deepseek-r1,CVE-2021-1199,Energy,1
deepseek-r1,CVE-2021-1199,Health,1
deepseek-r1,CVE-2021-1205,Health,1
deepseek-r1,CVE-2021-1357,Space,1
deepseek-r1,CVE-2021-1397,Cloud,1
deepseek-r1,CVE-2021-1605,Energy,2
deepseek-r1,CVE-2021-1605,Ports,2
deepseek-r1,CVE-2021-1673,Water,1
deepseek-r1,CVE-2021-1912,Elections,1
deepseek-r1,CVE-2021-1912,Health,1
deepseek-r1,CVE-2021-1912,Water,1
deepseek-r1,CVE-2021-19125,Health,1
deepseek-r1,CVE-2021-1936,Energy,1
deepseek-r1,CVE-2021-1936,Water,1
deepseek-r1,CVE-2021-20066,Energy,2
deepseek-r1,CVE-2021-20089,Telecom,1
deepseek-r1,CVE-2021-20739,Telecom,2
deepseek-r1,CVE-2021-20777,Telecom,1
deepseek-r1,CVE-2021-20778,Telecom,1
deepseek-r1,CVE-2021-21998,Ports,1
deepseek-r1,CVE-2021-22208,Government,2
deepseek-r1,CVE-2021-22957,Trade,2
deepseek-r1,CVE-2021-22959,Elections,2
deepseek-r1,CVE-2021-26855,Health,2
deepseek-r1,CVE-2021-26896,Elections,1
deepseek-r1,CVE-2021-26896,Health,3
deepseek-r1,CVE-2021-27078,Trade,1
deepseek-r1,CVE-2021-30498,Trade,1
deepseek-r1,CVE-2021-30730,Telecom,2
deepseek-r1,CVE-2021-30794,Telecom,1
deepseek-r1,CVE-2021-30795,Telecom,1
deepseek-r1,CVE-2021-30809,Telecom,2
deepseek-r1,CVE-2021-30860,Semiconductors,1
deepseek-r1,CVE-2021-30866,Finance,2
deepseek-r1,CVE-2021-3150,Aviation,2
deepseek-r1,CVE-2021-3150,Elections,1
deepseek-r1,CVE-2021-3150,Rail,2
deepseek-r1,CVE-2021-31503,Water,1
deepseek-r1,CVE-2021-31505,Telecom,1
deepseek-r1,CVE-2021-31507,Transport,2
deepseek-r1,CVE-2021-31507,Water,1
deepseek-r1,CVE-2021-3151,Aviation,1
deepseek-r1,CVE-2021-3151,Elections,3
deepseek-r1,CVE-2021-3151,Telecom,2
deepseek-r1,CVE-2021-3151,Transport,2
deepseek-r1,CVE-2021-3151,Water,2
deepseek-r1,CVE-2021-31519,Semiconductors,1
deepseek-r1,CVE-2021-31536,Space,1
deepseek-r1,CVE-2021-3155,Rail,1
deepseek-r1,CVE-2021-3156,Aerospace,1
deepseek-r1,CVE-2021-3156,Aviation,2
deepseek-r1,CVE-2021-3156,Energy,8
deepseek-r1,CVE-2021-3156,Health,4
deepseek-r1,CVE-2021-3156,Sanctions,1
deepseek-r1,CVE-2021-3156,Semiconductors,1
deepseek-r1,CVE-2021-3156,Telecom,6
deepseek-r1,CVE-2021-3156,Trade,2
deepseek-r1,CVE-2021-3156,Transport,1
deepseek-r1,CVE-2021-3156,Water,7
deepseek-r1,CVE-2021-3159,Elections,1
deepseek-r1,CVE-2021-3159,Finance,2
deepseek-r1,CVE-2021-3159,Water,2
deepseek-r1,CVE-2021-31590,Water,3
deepseek-r1,CVE-2021-31591,Water,2
deepseek-r1,CVE-2021-32173,Manufacturing,2
deepseek-r1,CVE-2021-32482,Telecom,1
deepseek-r1,CVE-2021-3281,Water,1
deepseek-r1,CVE-2021-32993,Manufacturing,1
deepseek-r1,CVE-2021-32994,Manufacturing,1
deepseek-r1,CVE-2021-32995,Transport,1
deepseek-r1,CVE-2021-32996,Manufacturing,1
deepseek-r1,CVE-2021-32996,Transport,1
deepseek-r1,CVE-2021-32997,Manufacturing,1
deepseek-r1,CVE-2021-32997,Transport,1
deepseek-r1,CVE-2021-32998,Manufacturing,2
deepseek-r1,CVE-2021-32998,Transport,1
deepseek-r1,CVE-2021-32999,Manufacturing,2
deepseek-r1,CVE-2021-32999,Transport,1
deepseek-r1,CVE-2021-33107,Defense,1
deepseek-r1,CVE-2021-33109,Government,2
deepseek-r1,CVE-2021-33110,Government,2
deepseek-r1,CVE-2021-33111,Government,2
deepseek-r1,CVE-2021-3312,Manufacturing,2
deepseek-r1,CVE-2021-33128,Energy,1
deepseek-r1,CVE-2021-33128,Manufacturing,1
deepseek-r1,CVE-2021-3313,Manufacturing,2
deepseek-r1,CVE-2021-33171,Telecom,2
deepseek-r1,CVE-2021-33179,Manufacturing,2
deepseek-r1,CVE-2021-33181,Manufacturing,6
deepseek-r1,CVE-2021-33182,Manufacturing,6
deepseek-r1,CVE-2021-33183,Manufacturing,2
deepseek-r1,CVE-2021-33184,Manufacturing,2
deepseek-r1,CVE-2021-33185,Manufacturing,2
deepseek-r1,CVE-2021-33193,Manufacturing,1
deepseek-r1,CVE-2021-33194,Manufacturing,1
deepseek-r1,CVE-2021-3448,Aerospace,1
deepseek-r1,CVE-2021-3448,Finance,6
deepseek-r1,CVE-2021-3448,Health,2
deepseek-r1,CVE-2021-34489,Finance,1
deepseek-r1,CVE-2021-34507,Finance,2
deepseek-r1,CVE-2021-34547,Health,2
deepseek-r1,CVE-2021-3490,Government,1
deepseek-r1,CVE-2021-3490,Ports,2
deepseek-r1,CVE-2021-3490,Water,1
deepseek-r1,CVE-2021-34900,Energy,1
deepseek-r1,CVE-2021-34903,Telecom,1
deepseek-r1,CVE-2021-34906,Government,2
deepseek-r1,CVE-2021-34907,Government,2
deepseek-r1,CVE-2021-34908,Space,1
deepseek-r1,CVE-2021-34909,Government,2
deepseek-r1,CVE-2021-3491,Energy,1
deepseek-r1,CVE-2021-34915,Defense,2
deepseek-r1,CVE-2021-34915,Ports,1
deepseek-r1,CVE-2021-34916,Defense,2
deepseek-r1,CVE-2021-34916,Government,1
deepseek-r1,CVE-2021-34916,Ports,1
deepseek-r1,CVE-2021-3492,Telecom,1
deepseek-r1,CVE-2021-3492,Water,1
deepseek-r1,CVE-2021-3493,Aerospace,2
deepseek-r1,CVE-2021-3493,Aviation,1
deepseek-r1,CVE-2021-3493,Defense,7
deepseek-r1,CVE-2021-3493,Elections,2
deepseek-r1,CVE-2021-3493,Energy,8
deepseek-r1,CVE-2021-3493,Finance,14
deepseek-r1,CVE-2021-3493,Health,5
deepseek-r1,CVE-2021-3493,Manufacturing,3
deepseek-r1,CVE-2021-3493,Parliament,3
deepseek-r1,CVE-2021-3493,Ports,2
deepseek-r1,CVE-2021-3493,Sanctions,5
deepseek-r1,CVE-2021-3493,Semiconductors,8
deepseek-r1,CVE-2021-3493,Telecom,5
deepseek-r1,CVE-2021-3493,Transport,2
deepseek-r1,CVE-2021-3493,Water,1
deepseek-r1,CVE-2021-34930,Energy,1
deepseek-r1,CVE-2021-34930,Manufacturing,1
deepseek-r1,CVE-2021-34930,Semiconductors,2
deepseek-r1,CVE-2021-34930,Telecom,2
deepseek-r1,CVE-2021-34931,Aerospace,2
deepseek-r1,CVE-2021-34931,Ports,2
deepseek-r1,CVE-2021-34931,Water,1
deepseek-r1,CVE-2021-34932,Energy,2
deepseek-r1,CVE-2021-34932,Government,1
deepseek-r1,CVE-2021-34932,Ports,1
deepseek-r1,CVE-2021-34932,Semiconductors,1
deepseek-r1,CVE-2021-34933,Energy,2
deepseek-r1,CVE-2021-34933,Semiconductors,1
deepseek-r1,CVE-2021-34934,Finance,1
deepseek-r1,CVE-2021-34934,Space,1
deepseek-r1,CVE-2021-34936,Semiconductors,1
deepseek-r1,CVE-2021-34936,Telecom,2
deepseek-r1,CVE-2021-34937,Energy,1
deepseek-r1,CVE-2021-34937,Telecom,2
deepseek-r1,CVE-2021-34938,Telecom,2
deepseek-r1,CVE-2021-34939,Manufacturing,1
deepseek-r1,CVE-2021-34942,Defense,1
deepseek-r1,CVE-2021-34943,Defense,1
deepseek-r1,CVE-2021-34943,Telecom,1
deepseek-r1,CVE-2021-35946,Government,1
deepseek-r1,CVE-2021-35947,Government,1
deepseek-r1,CVE-2021-3608,Ports,2
deepseek-r1,CVE-2021-36198,Government,2
deepseek-r1,CVE-2021-36199,Government,2
deepseek-r1,CVE-2021-36398,Telecom,1
deepseek-r1,CVE-2021-37376,Government,1
deepseek-r1,CVE-2021-38648,Manufacturing,1
deepseek-r1,CVE-2021-38658,Manufacturing,1
deepseek-r1,CVE-2021-4031,Health,1
deepseek-r1,CVE-2021-4032,Aviation,1
deepseek-r1,CVE-2021-4032,Cloud,2
deepseek-r1,CVE-2021-4032,Defense,1
deepseek-r1,CVE-2021-4032,Elections,1
deepseek-r1,CVE-2021-4032,Energy,1
deepseek-r1,CVE-2021-4032,Finance,2
deepseek-r1,CVE-2021-4032,Government,3
deepseek-r1,CVE-2021-4032,Sanctions,2
deepseek-r1,CVE-2021-4032,Semiconductors,1
deepseek-r1,CVE-2021-4032,Telecom,1
deepseek-r1,CVE-2021-40327,Elections,1
deepseek-r1,CVE-2021-4033,Finance,1
deepseek-r1,CVE-2021-4033,Government,4
deepseek-r1,CVE-2021-4033,Health,2
deepseek-r1,CVE-2021-4033,Parliament,2
deepseek-r1,CVE-2021-4033,Semiconductors,5
deepseek-r1,CVE-2021-4033,Telecom,3
deepseek-r1,CVE-2021-4033,Transport,2
deepseek-r1,CVE-2021-4033,Water,2
deepseek-r1,CVE-2021-4034,Aerospace,15
deepseek-r1,CVE-2021-4034,Aviation,17
deepseek-r1,CVE-2021-4034,Cloud,14
deepseek-r1,CVE-2021-4034,Defense,28
deepseek-r1,CVE-2021-4034,Elections,22
deepseek-r1,CVE-2021-4034,Energy,80
deepseek-r1,CVE-2021-4034,Finance,67
deepseek-r1,CVE-2021-4034,Government,15
deepseek-r1,CVE-2021-4034,Health,57
deepseek-r1,CVE-2021-4034,Manufacturing,10
deepseek-r1,CVE-2021-4034,Parliament,12
deepseek-r1,CVE-2021-4034,Ports,21
deepseek-r1,CVE-2021-4034,Rail,7
deepseek-r1,CVE-2021-4034,Research,12
deepseek-r1,CVE-2021-4034,Sanctions,15
deepseek-r1,CVE-2021-4034,Semiconductors,34
deepseek-r1,CVE-2021-4034,Space,4
deepseek-r1,CVE-2021-4034,Telecom,53
deepseek-r1,CVE-2021-4034,Trade,16
deepseek-r1,CVE-2021-4034,Transport,38
deepseek-r1,CVE-2021-4034,Water,23
deepseek-r1,CVE-2021-40344,Manufacturing,1
deepseek-r1,CVE-2021-40348,Elections,1
deepseek-r1,CVE-2021-4035,Telecom,2
deepseek-r1,CVE-2021-4036,Energy,1
deepseek-r1,CVE-2021-405150,Water,1
deepseek-r1,CVE-2021-41579,Energy,1
deepseek-r1,CVE-2021-41777,Trade,2
deepseek-r1,CVE-2021-42006,Semiconductors,1
deepseek-r1,CVE-2021-42006,Water,1
deepseek-r1,CVE-2021-42007,Government,2
deepseek-r1,CVE-2021-42007,Research,1
deepseek-r1,CVE-2021-4404,Defense,2
deepseek-r1,CVE-2021-4404,Finance,2
deepseek-r1,CVE-2021-44042,Health,2
deepseek-r1,CVE-2021-44048,Finance,2
deepseek-r1,CVE-2021-44049,Finance,1
deepseek-r1,CVE-2021-44201,Defense,2
deepseek-r1,CVE-2021-44201,Energy,1
deepseek-r1,CVE-2021-44201,Government,1
deepseek-r1,CVE-2021-44201,Health,3
deepseek-r1,CVE-2021-44201,Transport,1
deepseek-r1,CVE-2021-44204,Cloud,1
deepseek-r1,CVE-2021-44204,Energy,1
deepseek-r1,CVE-2021-44228,Aerospace,15
deepseek-r1,CVE-2021-44228,Aviation,2
deepseek-r1,CVE-2021-44228,Defense,13
deepseek-r1,CVE-2021-44228,Elections,2
deepseek-r1,CVE-2021-44228,Energy,16
deepseek-r1,CVE-2021-44228,Finance,25
deepseek-r1,CVE-2021-44228,Government,5
deepseek-r1,CVE-2021-44228,Health,36
deepseek-r1,CVE-2021-44228,Manufacturing,1
deepseek-r1,CVE-2021-44228,Parliament,4
deepseek-r1,CVE-2021-44228,Ports,9
deepseek-r1,CVE-2021-44228,Research,3
deepseek-r1,CVE-2021-44228,Sanctions,5
deepseek-r1,CVE-2021-44228,Semiconductors,4
deepseek-r1,CVE-2021-44228,Space,2
deepseek-r1,CVE-2021-44228,Trade,3
deepseek-r1,CVE-2021-44228,Transport,2
deepseek-r1,CVE-2021-44228,Water,1
deepseek-r1,CVE-2021-44530,Finance,1
deepseek-r1,CVE-2021-44532,Sanctions,1
deepseek-r1,CVE-2021-44562,Health,2
deepseek-r1,CVE-2021-44846,Aerospace,1
deepseek-r1,CVE-2021-44858,Trade,2
deepseek-r1,CVE-2021-44892,Energy,1
deepseek-r1,CVE-2021-44896,Health,2
deepseek-r1,CVE-2021-45072,Defense,1
deepseek-r1,CVE-2022-11034,Energy,1
deepseek-r1,CVE-2022-22269,Manufacturing,1
deepseek-r1,CVE-2022-22980,Energy,2
deepseek-r1,CVE-2022-22980,Transport,2
deepseek-r1,CVE-2022-22980,Water,1
deepseek-r1,CVE-2022-22981,Trade,1
deepseek-r1,CVE-2022-22983,Energy,2
deepseek-r1,CVE-2022-22989,Health,2
deepseek-r1,CVE-2022-23906,Telecom,1
deepseek-r1,CVE-2022-26071,Government,1
deepseek-r1,CVE-2022-26130,Telecom,1
deepseek-r1,CVE-2022-26132,Health,1
deepseek-r1,CVE-2022-26134,Sanctions,1
deepseek-r1,CVE-2022-26134,Telecom,2
deepseek-r1,CVE-2022-26644,Semiconductors,2
deepseek-r1,CVE-2022-26806,Semiconductors,1
deepseek-r1,CVE-2022-26809,Defense,1
deepseek-r1,CVE-2022-26855,Finance,1
deepseek-r1,CVE-2022-26855,Health,2
deepseek-r1,CVE-2022-26856,Telecom,1
deepseek-r1,CVE-2023-1234,Energy,1
deepseek-r1,CVE-2023-1234,Transport,1
deepseek-r1,CVE-2023-12345,Aviation,2
deepseek-r1,CVE-2023-12345,Defense,1
deepseek-r1,CVE-2023-12345,Manufacturing,1
deepseek-r1,CVE-2023-12345,Telecom,3
deepseek-r1,CVE-2023-12346,Telecom,1
deepseek-r1,CVE-2023-20105,Telecom,1
deepseek-r1,CVE-2023-20109,Semiconductors,1
deepseek-r1,CVE-2023-20110,Semiconductors,1
deepseek-r1,CVE-2023-20152,Cloud,1
deepseek-r1,CVE-2023-20170,Research,1
deepseek-r1,CVE-2023-20172,Semiconductors,1
deepseek-r1,CVE-2023-20175,Manufacturing,2
deepseek-r1,CVE-2023-20180,Defense,1
deepseek-r1,CVE-2023-20184,Semiconductors,1
deepseek-r1,CVE-2023-2019,Aerospace,1
deepseek-r1,CVE-2023-20190,Government,2
deepseek-r1,CVE-2023-20191,Government,2
deepseek-r1,CVE-2023-20192,Energy,2
deepseek-r1,CVE-2023-20192,Semiconductors,1
deepseek-r1,CVE-2023-20193,Energy,1
deepseek-r1,CVE-2023-20199,Telecom,1
deepseek-r1,CVE-2023-20199,Water,1
deepseek-r1,CVE-2023-20628,Telecom,1
deepseek-r1,CVE-2023-2251,Ports,1
deepseek-r1,CVE-2023-22811,Government,1
deepseek-r1,CVE-2023-23146,Elections,1
deepseek-r1,CVE-2023-23339,Finance,1
deepseek-r1,CVE-2023-23376,Trade,1
deepseek-r1,CVE-2023-23377,Energy,1
deepseek-r1,CVE-2023-23378,Energy,1
deepseek-r1,CVE-2023-23397,Sanctions,1
deepseek-r1,CVE-2023-24015,Trade,1
deepseek-r1,CVE-2023-24016,Telecom,2
deepseek-r1,CVE-2023-24019,Government,1
deepseek-r1,CVE-2023-24020,Government,1
deepseek-r1,CVE-2023-24032,Government,1
deepseek-r1,CVE-2023-24041,Government,1
deepseek-r1,CVE-2023-24096,Telecom,2
deepseek-r1,CVE-2023-240985,Government,1
deepseek-r1,CVE-2023-24223,Energy,1
deepseek-r1,CVE-2023-2780,Cloud,2
deepseek-r1,CVE-2023-2820,Health,1
deepseek-r1,CVE-2023-2823,Transport,1
deepseek-r1,CVE-2023-28240,Aerospace,1
deepseek-r1,CVE-2023-2825,Defense,2
deepseek-r1,CVE-2023-2910,Transport,1
deepseek-r1,CVE-2023-2920,Telecom,1
deepseek-r1,CVE-2023-29720,Government,1
deepseek-r1,CVE-2023-2980,Finance,1
deepseek-r1,CVE-2023-32565,Government,2
deepseek-r1,CVE-2023-3601,Defense,2
deepseek-r1,CVE-2023-3602,Energy,2
deepseek-r1,CVE-2023-3602,Finance,1
deepseek-r1,CVE-2023-45678,Finance,2
deepseek-r1,CVE-2023-45690,Finance,2
deepseek-r1,CVE-2023-46898,Finance,1
deepseek-r1,CVE-2023-47456,Government,1
deepseek-r1,CVE-2023-48078,Energy,1
deepseek-r1,CVE-2023-48221,Energy,1
deepseek-r1,CVE-2023-48222,Energy,1
deepseek-r1,CVE-2023-48398,Finance,1
deepseek-r1,CVE-2023-4840,Aerospace,2
deepseek-r1,CVE-2023-48826,Aerospace,2
deepseek-r1,CVE-2023-48827,Aerospace,2
deepseek-r1,CVE-2023-67890,Aviation,2
deepseek-r1,CVE-2024-1020,Cloud,1
deepseek-r1,CVE-2024-1020,Government,1
deepseek-r1,CVE-2024-10924,Government,1
deepseek-r1,CVE-2024-10960,Government,1
deepseek-r1,CVE-2024-20251,Defense,1
deepseek-r1,CVE-2024-20252,Defense,1
deepseek-r1,CVE-2024-67890,Defense,1
deepseek-r1,CVE-2024-78901,Defense,1
qwen3,CVE-2017-0144,Energy,1
qwen3,CVE-2017-0144,Government,1
qwen3,CVE-2017-0145,Energy,1
qwen3,CVE-2017-0145,Government,1
qwen3,CVE-2018-0235,Telecom,1
qwen3,CVE-2020-0601,Telecom,1
qwen3,CVE-2020-0796,Aerospace,1
qwen3,CVE-2020-0796,Space,1
qwen3,CVE-2020-0796,Telecom,1
qwen3,CVE-2020-1472,Finance,1
qwen3,CVE-2020-1472,Transport,1
qwen3,CVE-2020-15525,Energy,1
qwen3,CVE-2020-1941,Rail,1
qwen3,CVE-2020-1945,Water,1
qwen3,CVE-2020-1946,Aviation,1
qwen3,CVE-2020-25644,Energy,1
qwen3,CVE-2020-2966,Manufacturing,1
qwen3,CVE-2020-3581,Manufacturing,3
qwen3,CVE-2020-3589,Manufacturing,1
qwen3,CVE-2021-21194,Water,1
qwen3,CVE-2021-26855,Finance,1
qwen3,CVE-2021-26855,Health,2
qwen3,CVE-2021-26855,Water,1
qwen3,CVE-2021-26875,Health,1
qwen3,CVE-2021-32173,Government,1
qwen3,CVE-2021-3447,Finance,2
qwen3,CVE-2021-3447,Health,3
qwen3,CVE-2021-3447,Water,1
qwen3,CVE-2021-3449,Manufacturing,1
qwen3,CVE-2021-34501,Manufacturing,2
qwen3,CVE-2021-34502,Manufacturing,2
qwen3,CVE-2021-34504,Manufacturing,1
qwen3,CVE-2021-34506,Manufacturing,1
qwen3,CVE-2021-34507,Defense,7
qwen3,CVE-2021-34507,Manufacturing,22
qwen3,CVE-2021-34508,Defense,6
qwen3,CVE-2021-34508,Manufacturing,10
qwen3,CVE-2021-34509,Manufacturing,1
qwen3,CVE-2021-34523,Aerospace,1
qwen3,CVE-2021-34523,Energy,5
qwen3,CVE-2021-34523,Finance,1
qwen3,CVE-2021-34523,Health,5
qwen3,CVE-2021-34523,Space,2
qwen3,CVE-2021-34523,Water,5
qwen3,CVE-2021-34527,Defense,3
qwen3,CVE-2021-34527,Energy,1
qwen3,CVE-2021-34527,Government,3
qwen3,CVE-2021-34527,Health,1
qwen3,CVE-2021-34527,Manufacturing,3
qwen3,CVE-2021-34527,Rail,2
qwen3,CVE-2021-34527,Telecom,8
qwen3,CVE-2021-34527,Water,7
qwen3,CVE-2021-34529,Manufacturing,1
qwen3,CVE-2021-40444,Aerospace,3
qwen3,CVE-2021-40444,Cloud,5
qwen3,CVE-2021-40444,Defense,2
qwen3,CVE-2021-40444,Elections,1
qwen3,CVE-2021-40444,Energy,12
qwen3,CVE-2021-40444,Finance,1
qwen3,CVE-2021-40444,Government,3
qwen3,CVE-2021-40444,Health,7
qwen3,CVE-2021-40444,Manufacturing,2
qwen3,CVE-2021-40444,Ports,2
qwen3,CVE-2021-40444,Rail,3
qwen3,CVE-2021-40444,Semiconductors,4
qwen3,CVE-2021-40444,Space,1
qwen3,CVE-2021-40444,Telecom,1
qwen3,CVE-2021-40444,Trade,1
qwen3,CVE-2021-40444,Transport,4
qwen3,CVE-2021-40444,Water,13
qwen3,CVE-2021-40445,Government,1
qwen3,CVE-2021-40445,Transport,1
qwen3,CVE-2021-4104,Health,1
qwen3,CVE-2021-41379,Energy,1
qwen3,CVE-2021-41379,Ports,1
qwen3,CVE-2021-41379,Water,3
qwen3,CVE-2021-44228,Aerospace,8
qwen3,CVE-2021-44228,Aviation,13
qwen3,CVE-2021-44228,Cloud,7
qwen3,CVE-2021-44228,Defense,5
qwen3,CVE-2021-44228,Elections,3
qwen3,CVE-2021-44228,Energy,27
qwen3,CVE-2021-44228,Finance,15
qwen3,CVE-2021-44228,Government,1
qwen3,CVE-2021-44228,Health,27
qwen3,CVE-2021-44228,Manufacturing,3
qwen3,CVE-2021-44228,Ports,4
qwen3,CVE-2021-44228,Rail,3
qwen3,CVE-2021-44228,Research,4
qwen3,CVE-2021-44228,Semiconductors,10
qwen3,CVE-2021-44228,Space,10
qwen3,CVE-2021-44228,Telecom,10
qwen3,CVE-2021-44228,Trade,2
qwen3,CVE-2021-44228,Transport,10
qwen3,CVE-2021-44228,Water,23
qwen3,CVE-2021-4510,Transport,1
qwen3,CVE-2021-4567,Aerospace,1
qwen3,CVE-2021-4567,Telecom,1
qwen3,CVE-2022-1234,Finance,1
qwen3,CVE-2022-1234,Parliament,1
qwen3,CVE-2022-1234,Research,1
qwen3,CVE-2022-1234,Telecom,1
qwen3,CVE-2022-1345,Aerospace,1
qwen3,CVE-2022-21624,Telecom,1
qwen3,CVE-2022-2163,Energy,1
qwen3,CVE-2022-2165,Rail,1
qwen3,CVE-2022-21651,Energy,1
qwen3,CVE-2022-21652,Transport,1
qwen3,CVE-2022-21654,Ports,1
qwen3,CVE-2022-21807,Energy,1
qwen3,CVE-2022-21856,Semiconductors,1
qwen3,CVE-2022-21861,Energy,1
qwen3,CVE-2022-21867,Finance,1
qwen3,CVE-2022-22944,Aerospace,1
qwen3,CVE-2022-22944,Cloud,1
qwen3,CVE-2022-22944,Energy,2
qwen3,CVE-2022-22944,Health,1
qwen3,CVE-2022-22944,Manufacturing,1
qwen3,CVE-2022-22944,Semiconductors,2
qwen3,CVE-2022-22944,Space,1
qwen3,CVE-2022-22944,Telecom,1
qwen3,CVE-2022-22944,Trade,1
qwen3,CVE-2022-22944,Transport,1
qwen3,CVE-2022-22944,Water,1
qwen3,CVE-2022-22946,Ports,1
qwen3,CVE-2022-22947,Energy,1
qwen3,CVE-2022-22947,Transport,1
qwen3,CVE-2022-24210,Water,1
qwen3,CVE-2022-24382,Telecom,1
qwen3,CVE-2022-2499,Manufacturing,1
qwen3,CVE-2022-2935,Energy,1
qwen3,CVE-2022-29884,Finance,1
qwen3,CVE-2022-3086,Aerospace,1
qwen3,CVE-2022-30861,Energy,1
qwen3,CVE-2022-30861,Ports,1
qwen3,CVE-2022-30861,Transport,1
qwen3,CVE-2022-30865,Defense,1
qwen3,CVE-2022-30865,Energy,1
qwen3,CVE-2022-30866,Aviation,1
qwen3,CVE-2022-30866,Semiconductors,1
qwen3,CVE-2022-30866,Transport,1
qwen3,CVE-2022-30867,Semiconductors,1
qwen3,CVE-2022-3401,Aerospace,1
qwen3,CVE-2022-3401,Defense,1
qwen3,CVE-2022-3401,Energy,6
qwen3,CVE-2022-3401,Finance,1
qwen3,CVE-2022-3401,Health,2
qwen3,CVE-2022-3401,Parliament,1
qwen3,CVE-2022-3401,Ports,3
qwen3,CVE-2022-3401,Sanctions,1
qwen3,CVE-2022-3401,Telecom,1
qwen3,CVE-2022-3401,Transport,4
qwen3,CVE-2022-3456,Aerospace,2
qwen3,CVE-2022-3456,Aviation,1
qwen3,CVE-2022-3456,Defense,3
qwen3,CVE-2022-3456,Elections,1
qwen3,CVE-2022-3456,Energy,10
qwen3,CVE-2022-3456,Finance,3
qwen3,CVE-2022-3456,Government,1
qwen3,CVE-2022-3456,Ports,2
qwen3,CVE-2022-3456,Space,1
qwen3,CVE-2022-3456,Telecom,5
qwen3,CVE-2022-3456,Trade,1
qwen3,CVE-2022-3456,Transport,3
qwen3,CVE-2022-37959,Telecom,1
qwen3,CVE-2022-3797,Telecom,1
qwen3,CVE-2022-4104,Aviation,3
qwen3,CVE-2022-4104,Energy,3
qwen3,CVE-2022-4104,Finance,1
qwen3,CVE-2022-4104,Rail,1
qwen3,CVE-2022-4104,Space,2
qwen3,CVE-2022-4104,Telecom,1
qwen3,CVE-2022-4133,Rail,1
qwen3,CVE-2022-4143,Aviation,1
qwen3,CVE-2022-4147,Rail,1
qwen3,CVE-2022-4174,Aviation,1
qwen3,CVE-2022-4174,Energy,1
qwen3,CVE-2022-4174,Telecom,1
qwen3,CVE-2022-5432,Telecom,1
qwen3,CVE-2022-5645,Defense,1
qwen3,CVE-2022-5645,Elections,1
qwen3,CVE-2022-5645,Ports,1
qwen3,CVE-2022-5645,Rail,2
qwen3,CVE-2022-5645,Space,4
qwen3,CVE-2022-5645,Telecom,3
qwen3,CVE-2022-5678,Aerospace,4
qwen3,CVE-2022-5678,Aviation,3
qwen3,CVE-2022-5678,Defense,1
qwen3,CVE-2022-5678,Elections,1
qwen3,CVE-2022-5678,Energy,6
qwen3,CVE-2022-5678,Finance,1
qwen3,CVE-2022-5678,Manufacturing,1
qwen3,CVE-2022-5678,Parliament,2
qwen3,CVE-2022-5678,Ports,3
qwen3,CVE-2022-5678,Rail,8
qwen3,CVE-2022-5678,Research,2
qwen3,CVE-2022-5678,Semiconductors,1
qwen3,CVE-2022-5678,Space,2
qwen3,CVE-2022-5678,Telecom,3
qwen3,CVE-2022-5678,Trade,1
qwen3,CVE-2022-5678,Transport,2
qwen3,CVE-2023-1200,Space,1
qwen3,CVE-2023-1234,Aerospace,19
qwen3,CVE-2023-1234,Aviation,17
qwen3,CVE-2023-1234,Cloud,1
qwen3,CVE-2023-1234,Defense,13
qwen3,CVE-2023-1234,Elections,6
qwen3,CVE-2023-1234,Energy,49
qwen3,CVE-2023-1234,Finance,21
qwen3,CVE-2023-1234,Government,6
qwen3,CVE-2023-1234,Health,2
qwen3,CVE-2023-1234,Manufacturing,7
qwen3,CVE-2023-1234,Parliament,8
qwen3,CVE-2023-1234,Ports,18
qwen3,CVE-2023-1234,Rail,21
qwen3,CVE-2023-1234,Research,9
qwen3,CVE-2023-1234,Sanctions,2
qwen3,CVE-2023-1234,Semiconductors,3
qwen3,CVE-2023-1234,Space,10
qwen3,CVE-2023-1234,Telecom,51
qwen3,CVE-2023-1234,Trade,7
qwen3,CVE-2023-1234,Transport,15
qwen3,CVE-2023-1234,Water,1
qwen3,CVE-2023-1235,Aviation,1
qwen3,CVE-2023-1235,Defense,2
qwen3,CVE-2023-1235,Elections,1
qwen3,CVE-2023-1235,Energy,2
qwen3,CVE-2023-1235,Finance,4
qwen3,CVE-2023-1235,Parliament,1
qwen3,CVE-2023-1235,Research,1
qwen3,CVE-2023-1235,Space,1
qwen3,CVE-2023-1235,Telecom,3
qwen3,CVE-2023-1235,Trade,1
qwen3,CVE-2023-1235,Transport,1
qwen3,CVE-2023-1842,Government,1
qwen3,CVE-2023-1845,Government,1
qwen3,CVE-2023-1983,Government,1
qwen3,CVE-2023-1984,Government,1
qwen3,CVE-2023-1989,Government,1
qwen3,CVE-2023-2134,Defense,1
qwen3,CVE-2023-21422,Finance,1
qwen3,CVE-2023-21423,Finance,1
qwen3,CVE-2023-21600,Telecom,2
qwen3,CVE-2023-21601,Government,1
qwen3,CVE-2023-21601,Telecom,2
qwen3,CVE-2023-21602,Government,2
qwen3,CVE-2023-21603,Government,1
qwen3,CVE-2023-2161,Government,1
qwen3,CVE-2023-2161,Telecom,1
qwen3,CVE-2023-21612,Government,1
qwen3,CVE-2023-2162,Telecom,1
qwen3,CVE-2023-21624,Health,1
qwen3,CVE-2023-21629,Government,1
qwen3,CVE-2023-21636,Government,1
qwen3,CVE-2023-2164,Defense,1
qwen3,CVE-2023-2164,Government,2
qwen3,CVE-2023-21657,Government,1
qwen3,CVE-2023-21658,Water,1
qwen3,CVE-2023-21696,Energy,1
qwen3,CVE-2023-22419,Defense,1
qwen3,CVE-2023-22476,Sanctions,1
qwen3,CVE-2023-22477,Aerospace,1
qwen3,CVE-2023-22478,Cloud,1
qwen3,CVE-2023-2251,Cloud,2
qwen3,CVE-2023-2251,Energy,1
qwen3,CVE-2023-2251,Transport,1
qwen3,CVE-2023-2251,Water,1
qwen3,CVE-2023-22510,Energy,1
qwen3,CVE-2023-22510,Transport,1
qwen3,CVE-2023-22511,Defense,1
qwen3,CVE-2023-22511,Energy,1
qwen3,CVE-2023-22511,Health,3
qwen3,CVE-2023-22511,Rail,1
qwen3,CVE-2023-22511,Space,2
qwen3,CVE-2023-22511,Water,3
qwen3,CVE-2023-22513,Energy,1
qwen3,CVE-2023-22513,Government,1
qwen3,CVE-2023-22513,Water,1
qwen3,CVE-2023-22514,Government,1
qwen3,CVE-2023-22514,Health,1
qwen3,CVE-2023-22514,Semiconductors,1
qwen3,CVE-2023-22514,Water,1
qwen3,CVE-2023-22515,Finance,1
qwen3,CVE-2023-22516,Elections,1
qwen3,CVE-2023-22518,Aerospace,1
qwen3,CVE-2023-22518,Semiconductors,1
qwen3,CVE-2023-2280,Aviation,1
qwen3,CVE-2023-2280,Defense,1
qwen3,CVE-2023-2280,Energy,1
qwen3,CVE-2023-2280,Health,1
qwen3,CVE-2023-2280,Research,1
qwen3,CVE-2023-22802,Cloud,1
qwen3,CVE-2023-2281,Aviation,1
qwen3,CVE-2023-2281,Cloud,1
qwen3,CVE-2023-2281,Defense,1
qwen3,CVE-2023-2281,Energy,1
qwen3,CVE-2023-2281,Finance,1
qwen3,CVE-2023-2281,Health,1
qwen3,CVE-2023-2281,Telecom,1
qwen3,CVE-2023-2281,Transport,2
qwen3,CVE-2023-22812,Transport,1
qwen3,CVE-2023-22816,Telecom,1
qwen3,CVE-2023-22817,Telecom,1
qwen3,CVE-2023-22818,Transport,1
qwen3,CVE-2023-2282,Cloud,1
qwen3,CVE-2023-2282,Defense,1
qwen3,CVE-2023-2282,Energy,1
qwen3,CVE-2023-2282,Telecom,1
qwen3,CVE-2023-2282,Transport,1
qwen3,CVE-2023-22821,Cloud,1
qwen3,CVE-2023-22821,Manufacturing,1
qwen3,CVE-2023-22822,Semiconductors,1
qwen3,CVE-2023-22824,Cloud,2
qwen3,CVE-2023-22824,Sanctions,1
qwen3,CVE-2023-22825,Cloud,1
qwen3,CVE-2023-22826,Defense,1
qwen3,CVE-2023-22828,Parliament,1
qwen3,CVE-2023-22828,Research,1
qwen3,CVE-2023-22828,Semiconductors,1
qwen3,CVE-2023-22829,Parliament,1
qwen3,CVE-2023-22844,Ports,1
qwen3,CVE-2023-22845,Telecom,1
qwen3,CVE-2023-22846,Telecom,1
qwen3,CVE-2023-22853,Semiconductors,1
qwen3,CVE-2023-22855,Health,1
qwen3,CVE-2023-22859,Aerospace,1
qwen3,CVE-2023-2288,Semiconductors,1
qwen3,CVE-2023-2289,Aerospace,1
qwen3,CVE-2023-2289,Energy,1
qwen3,CVE-2023-2289,Finance,1
qwen3,CVE-2023-2289,Health,1
qwen3,CVE-2023-2289,Semiconductors,1
qwen3,CVE-2023-2289,Telecom,2
qwen3,CVE-2023-22890,Aerospace,1
qwen3,CVE-2023-22890,Telecom,1
qwen3,CVE-2023-22891,Aerospace,14
qwen3,CVE-2023-22891,Aviation,3
qwen3,CVE-2023-22891,Cloud,8
qwen3,CVE-2023-22891,Defense,18
qwen3,CVE-2023-22891,Elections,6
qwen3,CVE-2023-22891,Energy,34
qwen3,CVE-2023-22891,Finance,34
qwen3,CVE-2023-22891,Government,19
qwen3,CVE-2023-22891,Health,22
qwen3,CVE-2023-22891,Manufacturing,2
qwen3,CVE-2023-22891,Parliament,5
qwen3,CVE-2023-22891,Ports,10
qwen3,CVE-2023-22891,Research,4
qwen3,CVE-2023-22891,Sanctions,11
qwen3,CVE-2023-22891,Semiconductors,16
qwen3,CVE-2023-22891,Telecom,20
qwen3,CVE-2023-22891,Trade,7
qwen3,CVE-2023-22891,Transport,23
qwen3,CVE-2023-22891,Water,2
qwen3,CVE-2023-22892,Aerospace,8
qwen3,CVE-2023-22892,Cloud,3
qwen3,CVE-2023-22892,Defense,13
qwen3,CVE-2023-22892,Elections,3
qwen3,CVE-2023-22892,Energy,16
qwen3,CVE-2023-22892,Finance,14
qwen3,CVE-2023-22892,Government,9
qwen3,CVE-2023-22892,Health,15
qwen3,CVE-2023-22892,Parliament,4
qwen3,CVE-2023-22892,Ports,4
qwen3,CVE-2023-22892,Research,1
qwen3,CVE-2023-22892,Sanctions,8
qwen3,CVE-2023-22892,Semiconductors,6
qwen3,CVE-2023-22892,Telecom,6
qwen3,CVE-2023-22892,Trade,4
qwen3,CVE-2023-22892,Transport,8
qwen3,CVE-2023-22893,Aerospace,2
qwen3,CVE-2023-22893,Aviation,7
qwen3,CVE-2023-22893,Cloud,3
qwen3,CVE-2023-22893,Defense,12
qwen3,CVE-2023-22893,Elections,2
qwen3,CVE-2023-22893,Energy,16
qwen3,CVE-2023-22893,Finance,17
qwen3,CVE-2023-22893,Government,4
qwen3,CVE-2023-22893,Health,16
qwen3,CVE-2023-22893,Manufacturing,1
qwen3,CVE-2023-22893,Ports,4
qwen3,CVE-2023-22893,Research,1
qwen3,CVE-2023-22893,Sanctions,3
qwen3,CVE-2023-22893,Semiconductors,8
qwen3,CVE-2023-22893,Space,2
qwen3,CVE-2023-22893,Telecom,3
qwen3,CVE-2023-22893,Trade,2
qwen3,CVE-2023-22893,Transport,4
qwen3,CVE-2023-22894,Aviation,1
qwen3,CVE-2023-22894,Cloud,1
qwen3,CVE-2023-22894,Defense,2
qwen3,CVE-2023-22894,Energy,1
qwen3,CVE-2023-22894,Finance,6
qwen3,CVE-2023-22894,Government,2
qwen3,CVE-2023-22894,Health,8
qwen3,CVE-2023-22894,Manufacturing,1
qwen3,CVE-2023-22894,Parliament,1
qwen3,CVE-2023-22894,Ports,1
qwen3,CVE-2023-22894,Semiconductors,1
qwen3,CVE-2023-22894,Space,1
qwen3,CVE-2023-22894,Telecom,1
qwen3,CVE-2023-22895,Energy,1
qwen3,CVE-2023-22895,Finance,1
qwen3,CVE-2023-22895,Health,1
qwen3,CVE-2023-22895,Ports,1
qwen3,CVE-2023-22895,Semiconductors,1
qwen3,CVE-2023-22895,Transport,1
qwen3,CVE-2023-22896,Telecom,1
qwen3,CVE-2023-22896,Trade,1
qwen3,CVE-2023-22896,Transport,1
qwen3,CVE-2023-22899,Aerospace,1
qwen3,CVE-2023-22899,Cloud,1
qwen3,CVE-2023-22899,Defense,1
qwen3,CVE-2023-22899,Finance,3
qwen3,CVE-2023-22899,Ports,1
qwen3,CVE-2023-22899,Telecom,1
qwen3,CVE-2023-2290,Telecom,1
qwen3,CVE-2023-22913,Energy,1
qwen3,CVE-2023-22914,Energy,1
qwen3,CVE-2023-2296,Defense,1
qwen3,CVE-2023-22960,Ports,1
qwen3,CVE-2023-22961,Rail,1
qwen3,CVE-2023-22961,Telecom,1
qwen3,CVE-2023-22966,Aerospace,1
qwen3,CVE-2023-23125,Defense,1
qwen3,CVE-2023-24102,Ports,1
qwen3,CVE-2023-24106,Elections,1
qwen3,CVE-2023-24112,Energy,1
qwen3,CVE-2023-24114,Energy,1
qwen3,CVE-2023-24115,Water,1
qwen3,CVE-2023-24128,Energy,2
qwen3,CVE-2023-24129,Energy,1
qwen3,CVE-2023-24155,Energy,1
qwen3,CVE-2023-24156,Energy,1
qwen3,CVE-2023-24191,Telecom,1
qwen3,CVE-2023-24213,Finance,1
qwen3,CVE-2023-24254,Energy,1
qwen3,CVE-2023-24290,Telecom,1
qwen3,CVE-2023-24291,Telecom,1
qwen3,CVE-2023-24391,Government,1
qwen3,CVE-2023-24392,Government,1
qwen3,CVE-2023-24412,Government,1
qwen3,CVE-2023-24421,Government,2
qwen3,CVE-2023-24422,Government,5
qwen3,CVE-2023-24423,Government,1
qwen3,CVE-2023-24428,Government,1
qwen3,CVE-2023-24429,Government,1
qwen3,CVE-2023-24445,Aviation,1
qwen3,CVE-2023-24542,Government,1
qwen3,CVE-2023-24721,Defense,1
qwen3,CVE-2023-24784,Defense,1
qwen3,CVE-2023-24812,Telecom,2
qwen3,CVE-2023-24814,Energy,1
qwen3,CVE-2023-24816,Telecom,1
qwen3,CVE-2023-24818,Telecom,3
qwen3,CVE-2023-24821,Telecom,2
qwen3,CVE-2023-24822,Telecom,10
qwen3,CVE-2023-24823,Telecom,1
qwen3,CVE-2023-24827,Telecom,1
qwen3,CVE-2023-24852,Energy,1
qwen3,CVE-2023-24882,Telecom,1
qwen3,CVE-2023-24892,Telecom,1
qwen3,CVE-2023-24893,Telecom,1
qwen3,CVE-2023-24895,Telecom,1
qwen3,CVE-2023-24915,Government,1
qwen3,CVE-2023-24938,Government,1
qwen3,CVE-2023-24964,Energy,1
qwen3,CVE-2023-24965,Energy,1
qwen3,CVE-2023-25141,Telecom,1
qwen3,CVE-2023-25152,Energy,1
qwen3,CVE-2023-25444,Energy,1
qwen3,CVE-2023-25445,Energy,1
qwen3,CVE-2023-25535,Energy,1
qwen3,CVE-2023-25536,Energy,1
qwen3,CVE-2023-25822,Energy,1
qwen3,CVE-2023-25823,Energy,1
qwen3,CVE-2023-26115,Government,1
qwen3,CVE-2023-27555,Energy,1
qwen3,CVE-2023-27957,Telecom,1
qwen3,CVE-2023-2825,Energy,1
qwen3,CVE-2023-28252,Energy,1
qwen3,CVE-2023-28255,Defense,1
qwen3,CVE-2023-28255,Government,1
qwen3,CVE-2023-28255,Research,1
qwen3,CVE-2023-28255,Transport,1
qwen3,CVE-2023-28256,Space,1
qwen3,CVE-2023-28258,Health,1
qwen3,CVE-2023-28259,Aerospace,1
qwen3,CVE-2023-2902,Semiconductors,1
qwen3,CVE-2023-29230,Finance,1
qwen3,CVE-2023-29231,Semiconductors,1
qwen3,CVE-2023-29232,Government,1
qwen3,CVE-2023-29237,Telecom,1
qwen3,CVE-2023-29263,Telecom,1
qwen3,CVE-2023-2931,Transport,1
qwen3,CVE-2023-29315,Energy,1
qwen3,CVE-2023-29315,Telecom,1
qwen3,CVE-2023-29341,Defense,1
qwen3,CVE-2023-29347,Finance,1
qwen3,CVE-2023-2935,Defense,1
qwen3,CVE-2023-29350,Defense,1
qwen3,CVE-2023-29352,Energy,1
qwen3,CVE-2023-29372,Transport,1
qwen3,CVE-2023-29376,Telecom,1
qwen3,CVE-2023-29377,Aviation,1
qwen3,CVE-2023-29377,Energy,1
qwen3,CVE-2023-29377,Telecom,1
qwen3,CVE-2023-29382,Government,1
qwen3,CVE-2023-29384,Water,1
qwen3,CVE-2023-29389,Space,1
qwen3,CVE-2023-29394,Defense,1
qwen3,CVE-2023-2942,Government,10
qwen3,CVE-2023-29420,Telecom,1
qwen3,CVE-2023-29421,Telecom,1
qwen3,CVE-2023-29422,Defense,2
qwen3,CVE-2023-29422,Telecom,2
qwen3,CVE-2023-29423,Aerospace,1
qwen3,CVE-2023-29423,Telecom,2
qwen3,CVE-2023-29425,Government,13
qwen3,CVE-2023-29425,Telecom,2
qwen3,CVE-2023-29426,Energy,1
qwen3,CVE-2023-29427,Aviation,1
qwen3,CVE-2023-29427,Energy,1
qwen3,CVE-2023-29427,Government,1
qwen3,CVE-2023-29427,Semiconductors,1
qwen3,CVE-2023-29427,Telecom,1
qwen3,CVE-2023-2943,Government,4
qwen3,CVE-2023-29444,Government,1
qwen3,CVE-2023-29453,Defense,2
qwen3,CVE-2023-29453,Government,1
qwen3,CVE-2023-29464,Energy,1
qwen3,CVE-2023-29464,Telecom,2
qwen3,CVE-2023-29465,Government,1
qwen3,CVE-2023-29466,Energy,1
qwen3,CVE-2023-29467,Energy,1
qwen3,CVE-2023-2950,Government,1
qwen3,CVE-2023-29500,Defense,1
qwen3,CVE-2023-2951,Government,1
qwen3,CVE-2023-2955,Government,1
qwen3,CVE-2023-29553,Telecom,1
qwen3,CVE-2023-29712,Government,1
qwen3,CVE-2023-29939,Energy,1
qwen3,CVE-2023-29948,Transport,1
qwen3,CVE-2023-30194,Government,1
qwen3,CVE-2023-3021,Government,1
qwen3,CVE-2023-30215,Government,12
qwen3,CVE-2023-30216,Government,9
qwen3,CVE-2023-3022,Government,1
qwen3,CVE-2023-30226,Government,1
qwen3,CVE-2023-30272,Government,1
qwen3,CVE-2023-30648,Government,1
qwen3,CVE-2023-3065,Government,1
qwen3,CVE-2023-3066,Government,1
qwen3,CVE-2023-30690,Government,1
qwen3,CVE-2023-3116,Manufacturing,1
qwen3,CVE-2023-31222,Defense,4
qwen3,CVE-2023-31223,Defense,2
qwen3,CVE-2023-3124,Manufacturing,1
qwen3,CVE-2023-3126,Telecom,2
qwen3,CVE-2023-31262,Defense,2
qwen3,CVE-2023-31263,Defense,2
qwen3,CVE-2023-31275,Manufacturing,1
qwen3,CVE-2023-31283,Government,1
qwen3,CVE-2023-31864,Manufacturing,1
qwen3,CVE-2023-32216,Defense,1
qwen3,CVE-2023-32217,Defense,1
qwen3,CVE-2023-3222,Aerospace,1
qwen3,CVE-2023-3222,Energy,1
qwen3,CVE-2023-3222,Finance,1
qwen3,CVE-2023-3222,Health,1
qwen3,CVE-2023-3222,Telecom,1
qwen3,CVE-2023-32220,Energy,1
qwen3,CVE-2023-32220,Finance,1
qwen3,CVE-2023-32220,Research,1
qwen3,CVE-2023-32220,Telecom,2
qwen3,CVE-2023-32220,Transport,1
qwen3,CVE-2023-32221,Transport,1
qwen3,CVE-2023-32222,Finance,1
qwen3,CVE-2023-32224,Defense,1
qwen3,CVE-2023-32224,Transport,1
qwen3,CVE-2023-32225,Defense,1
qwen3,CVE-2023-32225,Finance,1
qwen3,CVE-2023-32225,Transport,1
qwen3,CVE-2023-32227,Transport,1
qwen3,CVE-2023-32228,Defense,3
qwen3,CVE-2023-32228,Energy,4
qwen3,CVE-2023-32228,Finance,3
qwen3,CVE-2023-32228,Sanctions,1
qwen3,CVE-2023-32228,Trade,2
qwen3,CVE-2023-32928,Defense,4
qwen3,CVE-2023-33194,Defense,1
qwen3,CVE-2023-3423,Energy,1
qwen3,CVE-2023-34257,Defense,1
qwen3,CVE-2023-34258,Defense,1
qwen3,CVE-2023-34276,Defense,1
qwen3,CVE-2023-34303,Telecom,1
qwen3,CVE-2023-38281,Government,1
qwen3,CVE-2023-38282,Government,1
qwen3,CVE-2023-3829,Finance,1
qwen3,CVE-2023-3856,Sanctions,1
qwen3,CVE-2023-38568,Aerospace,1
qwen3,CVE-2023-38569,Semiconductors,1
qwen3,CVE-2023-38607,Ports,1
qwen3,CVE-2023-3861,Energy,1
qwen3,CVE-2023-3861,Semiconductors,1
qwen3,CVE-2023-38614,Ports,1
qwen3,CVE-2023-3862,Finance,1
qwen3,CVE-2023-38625,Finance,1
qwen3,CVE-2023-3864,Energy,1
qwen3,CVE-2023-38645,Trade,1
qwen3,CVE-2023-38647,Finance,1
qwen3,CVE-2023-38647,Health,1
qwen3,CVE-2023-3865,Energy,2
qwen3,CVE-2023-3865,Finance,3
qwen3,CVE-2023-3865,Health,1
qwen3,CVE-2023-3865,Trade,1
qwen3,CVE-2023-3865,Transport,1
qwen3,CVE-2023-38655,Finance,1
qwen3,CVE-2023-38655,Health,1
qwen3,CVE-2023-38658,Aerospace,1
qwen3,CVE-2023-39337,Defense,1
qwen3,CVE-2023-4111,Energy,1
qwen3,CVE-2023-41112,Rail,1
qwen3,CVE-2023-4112,Telecom,1
qwen3,CVE-2023-4250,Finance,1
qwen3,CVE-2023-4290,Semiconductors,1
qwen3,CVE-2023-43922,Health,1
qwen3,CVE-2023-4445,Energy,1
qwen3,CVE-2023-44450,Government,1
qwen3,CVE-2023-44453,Aerospace,1
qwen3,CVE-2023-44454,Aerospace,1
qwen3,CVE-2023-44458,Energy,1
qwen3,CVE-2023-4446,Government,1
qwen3,CVE-2023-4567,Energy,1
qwen3,CVE-2023-4567,Finance,2
qwen3,CVE-2023-4567,Parliament,1
qwen3,CVE-2023-4681,Energy,1
qwen3,CVE-2023-4681,Finance,1
qwen3,CVE-2023-46812,Finance,1
qwen3,CVE-2023-46812,Parliament,1
qwen3,CVE-2023-46813,Energy,1
qwen3,CVE-2023-46813,Finance,1
qwen3,CVE-2023-46814,Finance,1
qwen3,CVE-2023-46815,Energy,1
qwen3,CVE-2023-46815,Finance,2
qwen3,CVE-2023-46816,Finance,1
qwen3,CVE-2023-46818,Energy,1
qwen3,CVE-2023-4720,Finance,1
qwen3,CVE-2023-4724,Telecom,1
qwen3,CVE-2023-4752,Government,1
qwen3,CVE-2023-4863,Energy,1
qwen3,CVE-2023-5678,Aerospace,5
qwen3,CVE-2023-5678,Aviation,2
qwen3,CVE-2023-5678,Cloud,1
qwen3,CVE-2023-5678,Defense,3
qwen3,CVE-2023-5678,Elections,2
qwen3,CVE-2023-5678,Energy,6
qwen3,CVE-2023-5678,Finance,3
qwen3,CVE-2023-5678,Manufacturing,3
qwen3,CVE-2023-5678,Parliament,2
qwen3,CVE-2023-5678,Ports,2
qwen3,CVE-2023-5678,Rail,1
qwen3,CVE-2023-5678,Research,1
qwen3,CVE-2023-5678,Sanctions,1
qwen3,CVE-2023-5678,Telecom,12
qwen3,CVE-2023-5678,Trade,1
qwen3,CVE-2023-5678,Transport,1
qwen3,CVE-2024-1234,Defense,1
qwen3,CVE-2024-21887,Semiconductors,1
llama31,CVE-2014-0160,Water,1
llama31,CVE-2017-1000253,Health,1
llama31,CVE-2017-10145,Government,1
llama31,CVE-2017-11882,Defense,1
llama31,CVE-2017-11882,Finance,2
llama31,CVE-2017-11882,Health,4
llama31,CVE-2017-11882,Semiconductors,1
llama31,CVE-2017-11882,Transport,1
llama31,CVE-2018-0171,Government,1
llama31,CVE-2018-10562,Telecom,1
llama31,CVE-2018-13153,Telecom,1
llama31,CVE-2018-13379,Finance,1
llama31,CVE-2018-3615,Ports,1
llama31,CVE-2018-4878,Aerospace,1
llama31,CVE-2018-7600,Finance,1
llama31,CVE-2018-7600,Telecom,1
llama31,CVE-2018-8453,Finance,1
llama31,CVE-2018-8453,Sanctions,1
llama31,CVE-2019-0547,Aviation,1
llama31,CVE-2019-0604,Aerospace,6
llama31,CVE-2019-0604,Defense,3
llama31,CVE-2019-0604,Elections,1
llama31,CVE-2019-0604,Energy,6
llama31,CVE-2019-0604,Finance,10
llama31,CVE-2019-0604,Government,3
llama31,CVE-2019-0604,Health,3
llama31,CVE-2019-0604,Ports,2
llama31,CVE-2019-0604,Sanctions,6
llama31,CVE-2019-0604,Semiconductors,1
llama31,CVE-2019-0604,Telecom,1
llama31,CVE-2019-0604,Trade,1
llama31,CVE-2019-0604,Transport,5
llama31,CVE-2019-10946,Manufacturing,1
llama31,CVE-2019-10947,Manufacturing,1
llama31,CVE-2019-11001,Sanctions,1
llama31,CVE-2019-11008,Manufacturing,1
llama31,CVE-2019-11009,Semiconductors,2
llama31,CVE-2019-11510,Cloud,2
llama31,CVE-2019-11510,Energy,1
llama31,CVE-2019-11510,Government,2
llama31,CVE-2019-11510,Sanctions,3
llama31,CVE-2019-11510,Space,2
llama31,CVE-2019-11539,Government,1
llama31,CVE-2019-11539,Transport,1
llama31,CVE-2019-11596,Cloud,2
llama31,CVE-2019-11598,Energy,1
llama31,CVE-2019-11598,Health,2
llama31,CVE-2019-11598,Telecom,2
llama31,CVE-2019-11599,Finance,3
llama31,CVE-2019-11599,Health,4
llama31,CVE-2019-11599,Telecom,3
llama31,CVE-2019-11708,Aviation,1
llama31,CVE-2019-11791,Telecom,2
llama31,CVE-2019-1181,Sanctions,1
llama31,CVE-2019-11815,Energy,1
llama31,CVE-2019-11815,Telecom,1
llama31,CVE-2019-11826,Energy,1
llama31,CVE-2019-11881,Manufacturing,1
llama31,CVE-2019-11899,Manufacturing,1
llama31,CVE-2019-1204,Transport,1
llama31,CVE-2019-13239,Manufacturing,1
llama31,CVE-2019-14451,Government,1
llama31,CVE-2019-14451,Parliament,1
llama31,CVE-2019-1458,Health,2
llama31,CVE-2019-1458,Sanctions,1
llama31,CVE-2019-1458,Telecom,1
llama31,CVE-2019-16759,Trade,1
llama31,CVE-2019-19728,Energy,1
llama31,CVE-2019-19781,Defense,1
llama31,CVE-2019-19781,Finance,1
llama31,CVE-2019-19781,Government,1
llama31,CVE-2019-19781,Semiconductors,1
llama31,CVE-2019-19781,Water,4
llama31,CVE-2019-2629,Water,1
llama31,CVE-2019-2725,Aerospace,1
llama31,CVE-2019-2725,Energy,3
llama31,CVE-2019-2725,Finance,2
llama31,CVE-2019-2725,Rail,1
llama31,CVE-2019-2725,Space,1
llama31,CVE-2019-2725,Transport,1
llama31,CVE-2019-3396,Telecom,2
llama31,CVE-2019-3398,Telecom,4
llama31,CVE-2019-5076,Water,1
llama31,CVE-2019-5736,Semiconductors,1
llama31,CVE-2019-6440,Water,1
llama31,CVE-2019-6445,Energy,4
llama31,CVE-2019-6445,Manufacturing,2
llama31,CVE-2019-6445,Transport,2
llama31,CVE-2019-6446,Semiconductors,2
llama31,CVE-2019-8330,Defense,1
llama31,CVE-2019-9468,Telecom,1
llama31,CVE-2020-0017,Government,1
llama31,CVE-2020-0074,Government,1
llama31,CVE-2020-0601,Defense,2
llama31,CVE-2020-0601,Energy,2
llama31,CVE-2020-0601,Government,1
llama31,CVE-2020-0601,Health,2
llama31,CVE-2020-0601,Sanctions,2
llama31,CVE-2020-0601,Semiconductors,2
llama31,CVE-2020-0601,Telecom,1
llama31,CVE-2020-0608,Semiconductors,1
llama31,CVE-2020-0608,Telecom,1
llama31,CVE-2020-0609,Cloud,1
llama31,CVE-2020-0796,Energy,1
llama31,CVE-2020-0942,Trade,1
llama31,CVE-2020-10135,Telecom,2
llama31,CVE-2020-10135,Transport,2
llama31,CVE-2020-10189,Health,2
llama31,CVE-2020-11774,Telecom,1
llama31,CVE-2020-11934,Telecom,1
llama31,CVE-2020-1234,Government,1
llama31,CVE-2020-1234,Rail,1
llama31,CVE-2020-1234,Research,2
llama31,CVE-2020-12805,Energy,1
llama31,CVE-2020-12812,Ports,1
llama31,CVE-2020-12856,Research,1
llama31,CVE-2020-1472,Aerospace,11
llama31,CVE-2020-1472,Aviation,4
llama31,CVE-2020-1472,Cloud,3
llama31,CVE-2020-1472,Defense,3
llama31,CVE-2020-1472,Elections,4
llama31,CVE-2020-1472,Energy,8
llama31,CVE-2020-1472,Finance,10
llama31,CVE-2020-1472,Government,1
llama31,CVE-2020-1472,Health,5
llama31,CVE-2020-1472,Parliament,2
llama31,CVE-2020-1472,Ports,3
llama31,CVE-2020-1472,Sanctions,8
llama31,CVE-2020-1472,Semiconductors,1
llama31,CVE-2020-1472,Space,2
llama31,CVE-2020-1472,Telecom,7
llama31,CVE-2020-1472,Trade,1
llama31,CVE-2020-1472,Transport,5
llama31,CVE-2020-1472,Water,1
llama31,CVE-2020-14720,Aviation,1
llama31,CVE-2020-14720,Water,1
llama31,CVE-2020-14744,Telecom,1
llama31,CVE-2020-14746,Cloud,1
llama31,CVE-2020-14775,Defense,1
llama31,CVE-2020-14775,Health,1
llama31,CVE-2020-14775,Manufacturing,1
llama31,CVE-2020-14776,Elections,1
llama31,CVE-2020-14777,Defense,2
llama31,CVE-2020-14777,Energy,1
llama31,CVE-2020-14778,Telecom,1
llama31,CVE-2020-14779,Cloud,2
llama31,CVE-2020-14779,Defense,2
llama31,CVE-2020-14779,Health,1
llama31,CVE-2020-14779,Ports,1
llama31,CVE-2020-14779,Semiconductors,2
llama31,CVE-2020-14779,Telecom,2
llama31,CVE-2020-15078,Research,1
llama31,CVE-2020-15505,Telecom,3
llama31,CVE-2020-1553,Telecom,3
llama31,CVE-2020-1555,Telecom,1
llama31,CVE-2020-15586,Telecom,1
llama31,CVE-2020-15706,Manufacturing,1
llama31,CVE-2020-1576,Manufacturing,4
llama31,CVE-2020-15782,Manufacturing,9
llama31,CVE-2020-25506,Government,1
llama31,CVE-2020-2555,Space,1
llama31,CVE-2020-2556,Government,1
llama31,CVE-2020-25592,Government,2
llama31,CVE-2020-25594,Telecom,1
llama31,CVE-2020-25595,Telecom,1
llama31,CVE-2020-2652,Manufacturing,1
llama31,CVE-2020-2652,Telecom,2
llama31,CVE-2020-2656,Telecom,1
llama31,CVE-2020-2659,Ports,1
llama31,CVE-2020-3113,Government,1
llama31,CVE-2020-3566,Government,1
llama31,CVE-2020-4006,Telecom,1
llama31,CVE-2020-4006,Water,1
llama31,CVE-2020-4009,Telecom,1
llama31,CVE-2020-5907,Research,1
llama31,CVE-2021-0001,Defense,1
llama31,CVE-2021-1234,Government,1
llama31,CVE-2021-1609,Government,1
llama31,CVE-2021-1647,Aerospace,1
llama31,CVE-2021-1647,Parliament,1
llama31,CVE-2021-21449,Manufacturing,1
llama31,CVE-2021-21900,Water,1
llama31,CVE-2021-22989,Telecom,1
llama31,CVE-2021-26691,Telecom,1
llama31,CVE-2021-30148,Health,1
llama31,CVE-2021-30154,Energy,1
llama31,CVE-2021-3019,Cloud,1
llama31,CVE-2021-3064,Telecom,2
llama31,CVE-2021-31440,Government,16
llama31,CVE-2021-3156,Telecom,2
llama31,CVE-2021-31955,Aerospace,1
llama31,CVE-2021-31955,Parliament,1
llama31,CVE-2021-33154,Government,1
llama31,CVE-2021-33197,Government,1
llama31,CVE-2021-33899,Manufacturing,4
llama31,CVE-2021-34700,Government,3
llama31,CVE-2021-34755,Government,1
llama31,CVE-2021-3492,Research,2
llama31,CVE-2021-3492,Transport,1
llama31,CVE-2021-36222,Aviation,1
llama31,CVE-2021-36222,Cloud,1
llama31,CVE-2021-36222,Health,1
llama31,CVE-2021-3711,Government,2
llama31,CVE-2021-39157,Telecom,3
llama31,CVE-2021-4034,Energy,1
llama31,CVE-2021-40444,Aerospace,2
llama31,CVE-2021-40444,Defense,5
llama31,CVE-2021-40444,Elections,1
llama31,CVE-2021-40444,Energy,2
llama31,CVE-2021-40444,Finance,4
llama31,CVE-2021-40444,Government,3
llama31,CVE-2021-40444,Health,15
llama31,CVE-2021-40444,Research,1
llama31,CVE-2021-40444,Sanctions,3
llama31,CVE-2021-40444,Semiconductors,2
llama31,CVE-2021-40444,Trade,1
llama31,CVE-2021-40444,Water,1
llama31,CVE-2021-40539,Telecom,1
llama31,CVE-2021-42252,Energy,1
llama31,CVE-2021-42252,Government,1
llama31,CVE-2021-42252,Health,1
llama31,CVE-2021-43890,Manufacturing,1
llama31,CVE-2021-4405,Telecom,1
llama31,CVE-2021-44228,Aerospace,20
llama31,CVE-2021-44228,Aviation,14
llama31,CVE-2021-44228,Cloud,29
llama31,CVE-2021-44228,Defense,24
llama31,CVE-2021-44228,Elections,6
llama31,CVE-2021-44228,Energy,36
llama31,CVE-2021-44228,Finance,64
llama31,CVE-2021-44228,Government,18
llama31,CVE-2021-44228,Health,16
llama31,CVE-2021-44228,Manufacturing,2
llama31,CVE-2021-44228,Parliament,23
llama31,CVE-2021-44228,Ports,8
llama31,CVE-2021-44228,Sanctions,16
llama31,CVE-2021-44228,Semiconductors,9
llama31,CVE-2021-44228,Space,11
llama31,CVE-2021-44228,Telecom,38
llama31,CVE-2021-44228,Trade,10
llama31,CVE-2021-44228,Transport,10
llama31,CVE-2021-44228,Water,3
llama31,CVE-2022-0001,Aviation,2
llama31,CVE-2022-0001,Government,2
llama31,CVE-2022-0001,Telecom,1
llama31,CVE-2022-0001,Trade,1
llama31,CVE-2022-0541,Manufacturing,1
llama31,CVE-2022-1234,Elections,1
llama31,CVE-2022-1234,Government,1
llama31,CVE-2022-1474,Cloud,1
llama31,CVE-2022-20624,Government,1
llama31,CVE-2022-20966,Government,1
llama31,CVE-2022-27255,Telecom,1
llama31,CVE-2022-29162,Cloud,1
llama31,CVE-2022-32500,Government,1
llama31,CVE-2022-35760,Energy,1
llama31,CVE-2023-1234,Defense,1
gemma3n,CVE-2014-4562,Water,1
gemma3n,CVE-2017-0144,Government,2
gemma3n,CVE-2017-0144,Semiconductors,2
gemma3n,CVE-2017-0144,Transport,2
gemma3n,CVE-2017-0144,Water,4
gemma3n,CVE-2017-0145,Transport,1
gemma3n,CVE-2017-10010,Telecom,1
gemma3n,CVE-2017-11882,Transport,1
gemma3n,CVE-2019-0708,Semiconductors,1
gemma3n,CVE-2019-0708,Transport,1
gemma3n,CVE-2019-11090,Telecom,1
gemma3n,CVE-2020-0609,Semiconductors,1
gemma3n,CVE-2020-14724,Government,2
gemma3n,CVE-2021-23233,Government,2
gemma3n,CVE-2021-44228,Transport,2
gemma3n,CVE-2022-44864,Energy,1
gemma3n,CVE-2023-0123,Defense,3
gemma3n,CVE-2023-0124,Defense,2
gemma3n,CVE-2023-0129,Defense,1
gemma3n,CVE-2023-0129,Energy,1
gemma3n,CVE-2023-0666,Defense,2
gemma3n,CVE-2023-0666,Energy,2
gemma3n,CVE-2023-0666,Health,1
gemma3n,CVE-2023-0667,Defense,2
gemma3n,CVE-2023-0669,Energy,3
gemma3n,CVE-2023-1234,Ports,1
gemma3n,CVE-2023-1234,Transport,1
gemma3n,CVE-2023-22997,Defense,1
gemma3n,CVE-2023-22998,Defense,1
gemma3n,CVE-2023-23397,Defense,3
gemma3n,CVE-2023-23397,Energy,4
gemma3n,CVE-2023-23397,Government,1
gemma3n,CVE-2023-23398,Defense,3
gemma3n,CVE-2023-23517,Energy,1
gemma3n,CVE-2023-23528,Manufacturing,1
gemma3n,CVE-2023-23529,Manufacturing,1
gemma3n,CVE-2023-32221,Defense,2
gemma3n,CVE-2023-4567,Defense,1
gemma3n,CVE-2024-5678,Transport,1
qwen3-nothink,CVE-2017-0144,Aviation,1
qwen3-nothink,CVE-2020-3581,Manufacturing,1
qwen3-nothink,CVE-2020-3584,Manufacturing,1
qwen3-nothink,CVE-2021-23094,Manufacturing,1
qwen3-nothink,CVE-2021-23095,Manufacturing,1
qwen3-nothink,CVE-2021-26855,Energy,2
qwen3-nothink,CVE-2021-26855,Health,2
qwen3-nothink,CVE-2021-3450,Manufacturing,2
qwen3-nothink,CVE-2021-34507,Manufacturing,9
qwen3-nothink,CVE-2021-34508,Manufacturing,8
qwen3-nothink,CVE-2021-34509,Manufacturing,2
qwen3-nothink,CVE-2021-3451,Manufacturing,2
qwen3-nothink,CVE-2021-34523,Defense,2
qwen3-nothink,CVE-2021-34523,Energy,9
qwen3-nothink,CVE-2021-34523,Finance,6
qwen3-nothink,CVE-2021-34523,Health,3
qwen3-nothink,CVE-2021-34523,Transport,2
qwen3-nothink,CVE-2021-34523,Water,8
qwen3-nothink,CVE-2021-34526,Manufacturing,1
qwen3-nothink,CVE-2021-34527,Defense,3
qwen3-nothink,CVE-2021-34527,Energy,2
qwen3-nothink,CVE-2021-34527,Government,2
qwen3-nothink,CVE-2021-34527,Manufacturing,17
qwen3-nothink,CVE-2021-34527,Rail,3
qwen3-nothink,CVE-2021-34527,Telecom,3
qwen3-nothink,CVE-2021-34527,Water,10
qwen3-nothink,CVE-2021-34528,Manufacturing,11
qwen3-nothink,CVE-2021-34528,Rail,2
qwen3-nothink,CVE-2021-34528,Telecom,2
qwen3-nothink,CVE-2021-34529,Manufacturing,10
qwen3-nothink,CVE-2021-34529,Telecom,1
qwen3-nothink,CVE-2021-34530,Manufacturing,1
qwen3-nothink,CVE-2021-40444,Aerospace,1
qwen3-nothink,CVE-2021-40444,Cloud,1
qwen3-nothink,CVE-2021-40444,Defense,2
qwen3-nothink,CVE-2021-40444,Energy,10
qwen3-nothink,CVE-2021-40444,Finance,4
qwen3-nothink,CVE-2021-40444,Government,3
qwen3-nothink,CVE-2021-40444,Health,5
qwen3-nothink,CVE-2021-40444,Manufacturing,1
qwen3-nothink,CVE-2021-40444,Ports,3
qwen3-nothink,CVE-2021-40444,Semiconductors,1
qwen3-nothink,CVE-2021-40444,Space,1
qwen3-nothink,CVE-2021-40444,Telecom,1
qwen3-nothink,CVE-2021-40444,Transport,5
qwen3-nothink,CVE-2021-40444,Water,19
qwen3-nothink,CVE-2021-40445,Government,1
qwen3-nothink,CVE-2021-40445,Telecom,1
qwen3-nothink,CVE-2021-40445,Transport,2
qwen3-nothink,CVE-2021-4104,Health,1
qwen3-nothink,CVE-2021-41379,Energy,1
qwen3-nothink,CVE-2021-44228,Aerospace,1
qwen3-nothink,CVE-2021-44228,Aviation,5
qwen3-nothink,CVE-2021-44228,Cloud,1
qwen3-nothink,CVE-2021-44228,Defense,5
qwen3-nothink,CVE-2021-44228,Energy,11
qwen3-nothink,CVE-2021-44228,Finance,8
qwen3-nothink,CVE-2021-44228,Government,2
qwen3-nothink,CVE-2021-44228,Health,15
qwen3-nothink,CVE-2021-44228,Manufacturing,1
qwen3-nothink,CVE-2021-44228,Ports,2
qwen3-nothink,CVE-2021-44228,Semiconductors,2
qwen3-nothink,CVE-2021-44228,Space,1
qwen3-nothink,CVE-2021-44228,Telecom,3
qwen3-nothink,CVE-2021-44228,Transport,2
qwen3-nothink,CVE-2021-44228,Water,1
qwen3-nothink,CVE-2021-44229,Aviation,1
qwen3-nothink,CVE-2021-44744,Water,1
qwen3-nothink,CVE-2021-44832,Government,2
qwen3-nothink,CVE-2021-44872,Defense,2
qwen3-nothink,CVE-2021-44872,Health,2
qwen3-nothink,CVE-2021-44875,Health,2
qwen3-nothink,CVE-2021-45046,Aviation,2
qwen3-nothink,CVE-2022-2161,Telecom,1
qwen3-nothink,CVE-2022-2164,Energy,1
qwen3-nothink,CVE-2022-21642,Telecom,1
qwen3-nothink,CVE-2022-21650,Energy,1
qwen3-nothink,CVE-2022-21657,Energy,1
qwen3-nothink,CVE-2022-21858,Manufacturing,1
qwen3-nothink,CVE-2022-21898,Finance,1
qwen3-nothink,CVE-2022-22940,Government,1
qwen3-nothink,CVE-2022-22944,Rail,1
qwen3-nothink,CVE-2022-22944,Telecom,1
qwen3-nothink,CVE-2022-22946,Energy,1
qwen3-nothink,CVE-2022-24137,Manufacturing,1
qwen3-nothink,CVE-2022-24736,Telecom,1
qwen3-nothink,CVE-2022-24866,Manufacturing,1
qwen3-nothink,CVE-2022-24867,Manufacturing,1
qwen3-nothink,CVE-2022-24868,Manufacturing,1
qwen3-nothink,CVE-2022-34567,Telecom,1
qwen3-nothink,CVE-2022-39329,Manufacturing,1
qwen3-nothink,CVE-2022-5645,Aviation,1
qwen3-nothink,CVE-2022-5678,Aviation,3
qwen3-nothink,CVE-2022-5678,Energy,2
qwen3-nothink,CVE-2022-5678,Ports,1
qwen3-nothink,CVE-2022-5678,Trade,1
qwen3-nothink,CVE-2023-1234,Aviation,6
qwen3-nothink,CVE-2023-1234,Defense,3
qwen3-nothink,CVE-2023-1234,Elections,1
qwen3-nothink,CVE-2023-1234,Energy,3
qwen3-nothink,CVE-2023-1234,Finance,3
qwen3-nothink,CVE-2023-1234,Government,2
qwen3-nothink,CVE-2023-1234,Manufacturing,2
qwen3-nothink,CVE-2023-1234,Ports,2
qwen3-nothink,CVE-2023-1234,Rail,1
qwen3-nothink,CVE-2023-1234,Research,1
qwen3-nothink,CVE-2023-1234,Semiconductors,1
qwen3-nothink,CVE-2023-1234,Space,1
qwen3-nothink,CVE-2023-1234,Telecom,12
qwen3-nothink,CVE-2023-1234,Trade,1
qwen3-nothink,CVE-2023-1234,Transport,3
qwen3-nothink,CVE-2023-12345,Aviation,1
qwen3-nothink,CVE-2023-1814,Government,1
qwen3-nothink,CVE-2023-1815,Government,1
qwen3-nothink,CVE-2023-1845,Government,1
qwen3-nothink,CVE-2023-1846,Government,1
qwen3-nothink,CVE-2023-1912,Government,1
qwen3-nothink,CVE-2023-1913,Government,1
qwen3-nothink,CVE-2023-1982,Government,1
qwen3-nothink,CVE-2023-1983,Government,1
qwen3-nothink,CVE-2023-1984,Government,1
qwen3-nothink,CVE-2023-21180,Government,1
qwen3-nothink,CVE-2023-21181,Government,1
qwen3-nothink,CVE-2023-21182,Government,1
qwen3-nothink,CVE-2023-2122,Semiconductors,1
qwen3-nothink,CVE-2023-2164,Energy,1
qwen3-nothink,CVE-2023-2168,Defense,1
qwen3-nothink,CVE-2023-2169,Defense,1
qwen3-nothink,CVE-2023-22470,Aerospace,1
qwen3-nothink,CVE-2023-22478,Sanctions,1
qwen3-nothink,CVE-2023-22513,Ports,1
qwen3-nothink,CVE-2023-22517,Ports,1
qwen3-nothink,CVE-2023-22746,Government,1
qwen3-nothink,CVE-2023-2280,Defense,1
qwen3-nothink,CVE-2023-2280,Energy,1
qwen3-nothink,CVE-2023-2280,Research,1
qwen3-nothink,CVE-2023-2280,Telecom,1
qwen3-nothink,CVE-2023-2280,Water,1
qwen3-nothink,CVE-2023-22808,Defense,1
qwen3-nothink,CVE-2023-22809,Defense,1
qwen3-nothink,CVE-2023-22809,Research,1
qwen3-nothink,CVE-2023-2281,Aviation,1
qwen3-nothink,CVE-2023-2281,Energy,2
qwen3-nothink,CVE-2023-2281,Finance,1
qwen3-nothink,CVE-2023-2281,Research,1
qwen3-nothink,CVE-2023-2281,Telecom,2
qwen3-nothink,CVE-2023-2281,Trade,1
qwen3-nothink,CVE-2023-2281,Transport,1
qwen3-nothink,CVE-2023-2281,Water,1
qwen3-nothink,CVE-2023-22810,Finance,1
qwen3-nothink,CVE-2023-22811,Finance,1
qwen3-nothink,CVE-2023-2282,Aviation,1
qwen3-nothink,CVE-2023-2282,Finance,1
qwen3-nothink,CVE-2023-2282,Telecom,2
qwen3-nothink,CVE-2023-2282,Trade,1
qwen3-nothink,CVE-2023-2282,Transport,1
qwen3-nothink,CVE-2023-22821,Manufacturing,1
qwen3-nothink,CVE-2023-22822,Manufacturing,1
qwen3-nothink,CVE-2023-22823,Manufacturing,1
qwen3-nothink,CVE-2023-22826,Manufacturing,1
qwen3-nothink,CVE-2023-22828,Energy,1
qwen3-nothink,CVE-2023-22828,Parliament,1
qwen3-nothink,CVE-2023-22829,Energy,1
qwen3-nothink,CVE-2023-22829,Parliament,1
qwen3-nothink,CVE-2023-22843,Water,1
qwen3-nothink,CVE-2023-22845,Telecom,1
qwen3-nothink,CVE-2023-22846,Telecom,1
qwen3-nothink,CVE-2023-2285,Telecom,1
qwen3-nothink,CVE-2023-22855,Defense,1
qwen3-nothink,CVE-2023-2287,Defense,1
qwen3-nothink,CVE-2023-2287,Finance,1
qwen3-nothink,CVE-2023-22872,Manufacturing,1
qwen3-nothink,CVE-2023-22872,Telecom,1
qwen3-nothink,CVE-2023-2288,Defense,1
qwen3-nothink,CVE-2023-2289,Aviation,4
qwen3-nothink,CVE-2023-2289,Energy,2
qwen3-nothink,CVE-2023-2289,Finance,1
qwen3-nothink,CVE-2023-2289,Manufacturing,1
qwen3-nothink,CVE-2023-2289,Telecom,4
qwen3-nothink,CVE-2023-22891,Aerospace,3
qwen3-nothink,CVE-2023-22891,Aviation,1
qwen3-nothink,CVE-2023-22891,Cloud,3
qwen3-nothink,CVE-2023-22891,Defense,8
qwen3-nothink,CVE-2023-22891,Elections,2
qwen3-nothink,CVE-2023-22891,Energy,15
qwen3-nothink,CVE-2023-22891,Finance,19
qwen3-nothink,CVE-2023-22891,Government,3
qwen3-nothink,CVE-2023-22891,Health,16
qwen3-nothink,CVE-2023-22891,Parliament,3
qwen3-nothink,CVE-2023-22891,Ports,2
qwen3-nothink,CVE-2023-22891,Rail,1
qwen3-nothink,CVE-2023-22891,Research,2
qwen3-nothink,CVE-2023-22891,Sanctions,8
qwen3-nothink,CVE-2023-22891,Semiconductors,7
qwen3-nothink,CVE-2023-22891,Space,1
qwen3-nothink,CVE-2023-22891,Telecom,12
qwen3-nothink,CVE-2023-22891,Trade,2
qwen3-nothink,CVE-2023-22891,Transport,10
qwen3-nothink,CVE-2023-22891,Water,2
qwen3-nothink,CVE-2023-22892,Aerospace,3
qwen3-nothink,CVE-2023-22892,Aviation,1
qwen3-nothink,CVE-2023-22892,Cloud,3
qwen3-nothink,CVE-2023-22892,Defense,8
qwen3-nothink,CVE-2023-22892,Energy,16
qwen3-nothink,CVE-2023-22892,Finance,21
qwen3-nothink,CVE-2023-22892,Government,3
qwen3-nothink,CVE-2023-22892,Health,16
qwen3-nothink,CVE-2023-22892,Parliament,3
qwen3-nothink,CVE-2023-22892,Ports,3
qwen3-nothink,CVE-2023-22892,Rail,1
qwen3-nothink,CVE-2023-22892,Research,2
qwen3-nothink,CVE-2023-22892,Sanctions,7
qwen3-nothink,CVE-2023-22892,Semiconductors,8
qwen3-nothink,CVE-2023-22892,Space,1
qwen3-nothink,CVE-2023-22892,Telecom,12
qwen3-nothink,CVE-2023-22892,Trade,2
qwen3-nothink,CVE-2023-22892,Transport,9
qwen3-nothink,CVE-2023-22892,Water,2
qwen3-nothink,CVE-2023-22893,Cloud,2
qwen3-nothink,CVE-2023-22893,Defense,7
qwen3-nothink,CVE-2023-22893,Energy,12
qwen3-nothink,CVE-2023-22893,Finance,9
qwen3-nothink,CVE-2023-22893,Government,2
qwen3-nothink,CVE-2023-22893,Health,2
qwen3-nothink,CVE-2023-22893,Manufacturing,1
qwen3-nothink,CVE-2023-22893,Parliament,1
qwen3-nothink,CVE-2023-22893,Ports,2
qwen3-nothink,CVE-2023-22893,Sanctions,4
qwen3-nothink,CVE-2023-22893,Semiconductors,6
qwen3-nothink,CVE-2023-22893,Telecom,11
qwen3-nothink,CVE-2023-22893,Trade,3
qwen3-nothink,CVE-2023-22893,Transport,2
qwen3-nothink,CVE-2023-22894,Cloud,2
qwen3-nothink,CVE-2023-22894,Defense,2
qwen3-nothink,CVE-2023-22894,Energy,7
qwen3-nothink,CVE-2023-22894,Finance,3
qwen3-nothink,CVE-2023-22894,Government,2
qwen3-nothink,CVE-2023-22894,Manufacturing,1
qwen3-nothink,CVE-2023-22894,Sanctions,3
qwen3-nothink,CVE-2023-22894,Semiconductors,4
qwen3-nothink,CVE-2023-22894,Telecom,9
qwen3-nothink,CVE-2023-22894,Trade,2
qwen3-nothink,CVE-2023-22894,Water,1
qwen3-nothink,CVE-2023-22895,Aerospace,1
qwen3-nothink,CVE-2023-22895,Energy,1
qwen3-nothink,CVE-2023-22895,Finance,2
qwen3-nothink,CVE-2023-22895,Sanctions,1
qwen3-nothink,CVE-2023-22895,Semiconductors,1
qwen3-nothink,CVE-2023-22895,Telecom,1
qwen3-nothink,CVE-2023-22895,Trade,1
qwen3-nothink,CVE-2023-22895,Water,1
qwen3-nothink,CVE-2023-22896,Aerospace,2
qwen3-nothink,CVE-2023-22896,Finance,1
qwen3-nothink,CVE-2023-22896,Government,1
qwen3-nothink,CVE-2023-22896,Telecom,1
qwen3-nothink,CVE-2023-22897,Transport,1
qwen3-nothink,CVE-2023-22898,Transport,1
qwen3-nothink,CVE-2023-2290,Aviation,4
qwen3-nothink,CVE-2023-2290,Energy,2
qwen3-nothink,CVE-2023-2290,Telecom,2
qwen3-nothink,CVE-2023-22912,Finance,1
qwen3-nothink,CVE-2023-22925,Telecom,1
qwen3-nothink,CVE-2023-22947,Energy,1
qwen3-nothink,CVE-2023-24193,Government,1
qwen3-nothink,CVE-2023-24194,Government,1
qwen3-nothink,CVE-2023-24314,Telecom,1
qwen3-nothink,CVE-2023-24456,Government,1
qwen3-nothink,CVE-2023-24457,Government,1
qwen3-nothink,CVE-2023-24723,Telecom,1
qwen3-nothink,CVE-2023-24886,Telecom,1
qwen3-nothink,CVE-2023-24906,Government,1
qwen3-nothink,CVE-2023-24907,Government,1
qwen3-nothink,CVE-2023-25815,Energy,1
qwen3-nothink,CVE-2023-25816,Energy,1
qwen3-nothink,CVE-2023-25817,Energy,1
qwen3-nothink,CVE-2023-27555,Energy,1
qwen3-nothink,CVE-2023-27555,Health,1
qwen3-nothink,CVE-2023-27555,Water,1
qwen3-nothink,CVE-2023-2825,Aerospace,1
qwen3-nothink,CVE-2023-2825,Defense,1
qwen3-nothink,CVE-2023-28254,Health,1
qwen3-nothink,CVE-2023-28255,Aviation,1
qwen3-nothink,CVE-2023-28255,Energy,1
qwen3-nothink,CVE-2023-29157,Government,1
qwen3-nothink,CVE-2023-29163,Telecom,1
qwen3-nothink,CVE-2023-29276,Energy,1
qwen3-nothink,CVE-2023-2928,Semiconductors,1
qwen3-nothink,CVE-2023-2935,Finance,2
qwen3-nothink,CVE-2023-29358,Energy,2
qwen3-nothink,CVE-2023-2937,Defense,1
qwen3-nothink,CVE-2023-29380,Government,1
qwen3-nothink,CVE-2023-29381,Government,1
qwen3-nothink,CVE-2023-29411,Telecom,1
qwen3-nothink,CVE-2023-29412,Telecom,1
qwen3-nothink,CVE-2023-2942,Government,4
qwen3-nothink,CVE-2023-2942,Telecom,2
qwen3-nothink,CVE-2023-29423,Government,1
qwen3-nothink,CVE-2023-29423,Telecom,4
qwen3-nothink,CVE-2023-29424,Defense,2
qwen3-nothink,CVE-2023-29424,Government,1
qwen3-nothink,CVE-2023-29424,Telecom,6
qwen3-nothink,CVE-2023-29425,Defense,2
qwen3-nothink,CVE-2023-29425,Government,1
qwen3-nothink,CVE-2023-29425,Telecom,2
qwen3-nothink,CVE-2023-2943,Government,4
qwen3-nothink,CVE-2023-2943,Telecom,2
qwen3-nothink,CVE-2023-29451,Defense,1
qwen3-nothink,CVE-2023-29452,Defense,1
qwen3-nothink,CVE-2023-29455,Telecom,1
qwen3-nothink,CVE-2023-29456,Telecom,1
qwen3-nothink,CVE-2023-29461,Telecom,1
qwen3-nothink,CVE-2023-29464,Telecom,4
qwen3-nothink,CVE-2023-29465,Telecom,2
qwen3-nothink,CVE-2023-2949,Manufacturing,1
qwen3-nothink,CVE-2023-29494,Manufacturing,1
qwen3-nothink,CVE-2023-29501,Defense,1
qwen3-nothink,CVE-2023-29503,Telecom,1
qwen3-nothink,CVE-2023-29510,Telecom,1
qwen3-nothink,CVE-2023-29515,Energy,1
qwen3-nothink,CVE-2023-29528,Aerospace,1
qwen3-nothink,CVE-2023-29529,Aerospace,1
qwen3-nothink,CVE-2023-29775,Sanctions,1
qwen3-nothink,CVE-2023-29776,Sanctions,1
qwen3-nothink,CVE-2023-2978,Government,1
qwen3-nothink,CVE-2023-2980,Telecom,1
qwen3-nothink,CVE-2023-2987,Telecom,1
qwen3-nothink,CVE-2023-29931,Water,1
qwen3-nothink,CVE-2023-30203,Government,1
qwen3-nothink,CVE-2023-30204,Government,1
qwen3-nothink,CVE-2023-3021,Government,17
qwen3-nothink,CVE-2023-3022,Government,17
qwen3-nothink,CVE-2023-30225,Government,1
qwen3-nothink,CVE-2023-30226,Government,1
qwen3-nothink,CVE-2023-3023,Government,6
qwen3-nothink,CVE-2023-30272,Government,1
qwen3-nothink,CVE-2023-30273,Government,1
qwen3-nothink,CVE-2023-3038,Semiconductors,1
qwen3-nothink,CVE-2023-30451,Government,1
qwen3-nothink,CVE-2023-30452,Government,1
qwen3-nothink,CVE-2023-30847,Government,1
qwen3-nothink,CVE-2023-30848,Government,1
qwen3-nothink,CVE-2023-3120,Government,1
qwen3-nothink,CVE-2023-3121,Government,1
qwen3-nothink,CVE-2023-3122,Government,1
qwen3-nothink,CVE-2023-3126,Government,1
qwen3-nothink,CVE-2023-31264,Manufacturing,2
qwen3-nothink,CVE-2023-31293,Manufacturing,1
qwen3-nothink,CVE-2023-31294,Manufacturing,1
qwen3-nothink,CVE-2023-31398,Manufacturing,1
qwen3-nothink,CVE-2023-31399,Manufacturing,1
qwen3-nothink,CVE-2023-3215,Government,1
qwen3-nothink,CVE-2023-3216,Government,1
qwen3-nothink,CVE-2023-3217,Government,1
qwen3-nothink,CVE-2023-3222,Manufacturing,2
qwen3-nothink,CVE-2023-32222,Government,1
qwen3-nothink,CVE-2023-32223,Government,1
qwen3-nothink,CVE-2023-32225,Energy,1
qwen3-nothink,CVE-2023-3384,Manufacturing,1
qwen3-nothink,CVE-2023-3402,Manufacturing,1
qwen3-nothink,CVE-2023-34449,Telecom,1
qwen3-nothink,CVE-2023-3856,Energy,1
qwen3-nothink,CVE-2023-3856,Finance,1
qwen3-nothink,CVE-2023-3864,Parliament,1
qwen3-nothink,CVE-2023-38640,Aerospace,1
qwen3-nothink,CVE-2023-38652,Defense,1
qwen3-nothink,CVE-2023-38653,Government,1
qwen3-nothink,CVE-2023-3984,Finance,1
qwen3-nothink,CVE-2023-4106,Finance,1
qwen3-nothink,CVE-2023-4107,Finance,1
qwen3-nothink,CVE-2023-41112,Health,1
qwen3-nothink,CVE-2023-41112,Ports,1
qwen3-nothink,CVE-2023-41203,Finance,1
qwen3-nothink,CVE-2023-4261,Health,1
qwen3-nothink,CVE-2023-4262,Health,1
qwen3-nothink,CVE-2023-42896,Water,1
qwen3-nothink,CVE-2023-4443,Transport,1
qwen3-nothink,CVE-2023-4445,Aerospace,1
qwen3-nothink,CVE-2023-4445,Energy,1
qwen3-nothink,CVE-2023-4445,Manufacturing,1
qwen3-nothink,CVE-2023-4445,Telecom,1
qwen3-nothink,CVE-2023-4445,Trade,3
qwen3-nothink,CVE-2023-44451,Aviation,1
qwen3-nothink,CVE-2023-44451,Energy,1
qwen3-nothink,CVE-2023-44455,Government,1
qwen3-nothink,CVE-2023-44456,Finance,1
qwen3-nothink,CVE-2023-4446,Aerospace,1
qwen3-nothink,CVE-2023-4446,Defense,1
qwen3-nothink,CVE-2023-4446,Energy,1
qwen3-nothink,CVE-2023-4446,Finance,2
qwen3-nothink,CVE-2023-4446,Health,1
qwen3-nothink,CVE-2023-4446,Manufacturing,1
qwen3-nothink,CVE-2023-4446,Telecom,1
qwen3-nothink,CVE-2023-4446,Trade,3
qwen3-nothink,CVE-2023-4447,Health,1
qwen3-nothink,CVE-2023-4567,Energy,1
qwen3-nothink,CVE-2023-45678,Aviation,1
qwen3-nothink,CVE-2023-45678,Telecom,2
qwen3-nothink,CVE-2023-4590,Transport,1
qwen3-nothink,CVE-2023-4681,Defense,1
qwen3-nothink,CVE-2023-4681,Finance,1
qwen3-nothink,CVE-2023-4681,Government,1
qwen3-nothink,CVE-2023-4681,Health,1
qwen3-nothink,CVE-2023-46815,Sanctions,1
qwen3-nothink,CVE-2023-4682,Defense,1
qwen3-nothink,CVE-2023-4721,Energy,1
qwen3-nothink,CVE-2023-4722,Energy,1
qwen3-nothink,CVE-2023-4722,Telecom,2
qwen3-nothink,CVE-2023-4723,Telecom,2
qwen3-nothink,CVE-2023-5678,Aviation,2
qwen3-nothink,CVE-2023-5678,Defense,1
qwen3-nothink,CVE-2023-5678,Elections,1
qwen3-nothink,CVE-2023-5678,Finance,2
qwen3-nothink,CVE-2023-5678,Government,2
qwen3-nothink,CVE-2023-5678,Manufacturing,2
qwen3-nothink,CVE-2023-5678,Semiconductors,1
qwen3-nothink,CVE-2023-5678,Telecom,7
qwen3-nothink,CVE-2023-5678,Transport,2
qwen3-nothink,CVE-2023-9012,Manufacturing,2
qwen3-nothink,CVE-2024-0123,Telecom,2
qwen3-nothink,CVE-2024-1234,Transport,1
qwen3-nothink,CVE-2024-21245,Finance,1
qwen3-nothink,CVE-2024-23862,Sanctions,1
qwen3-nothink,CVE-2024-25262,Sanctions,1
qwen3-nothink,CVE-2024-28564,Semiconductors,1
qwen3-nothink,CVE-2024-29553,Semiconductors,1
phi4,CVE-2019-15126,Telecom,1
phi4,CVE-2019-19781,Water,1
phi4,CVE-2020-10135,Manufacturing,4
phi4,CVE-2020-1234,Telecom,2
phi4,CVE-2020-1472,Aerospace,1
phi4,CVE-2020-1472,Health,1
phi4,CVE-2020-1472,Telecom,1
phi4,CVE-2020-15999,Defense,2
phi4,CVE-2020-3946,Government,1
phi4,CVE-2021-2019,Government,1
phi4,CVE-2021-28658,Defense,1
phi4,CVE-2021-34523,Telecom,1
phi4,CVE-2021-40444,Health,1
phi4,CVE-2021-41379,Manufacturing,1
phi4,CVE-2021-44228,Aerospace,3
phi4,CVE-2021-44228,Cloud,2
phi4,CVE-2021-44228,Defense,4
phi4,CVE-2021-44228,Energy,2
phi4,CVE-2021-44228,Finance,6
phi4,CVE-2021-44228,Government,1
phi4,CVE-2021-44228,Health,5
phi4,CVE-2021-44228,Ports,1
phi4,CVE-2021-44228,Sanctions,1
phi4,CVE-2021-44228,Semiconductors,4
phi4,CVE-2021-44228,Telecom,2
phi4,CVE-2021-44228,Trade,1
phi4,CVE-2021-44228,Transport,1
phi4,CVE-2021-44228,Water,2
phi4,CVE-2021-45046,Energy,1
phi4,CVE-2022-21824,Manufacturing,1
phi4,CVE-2022-22963,Government,1
phi4,CVE-2022-26134,Trade,1
phi4,CVE-2022-30190,Trade,1
mistral,CVE-2014-6271,Energy,1
mistral,CVE-2015-1635,Ports,1
mistral,CVE-2017-0144,Aerospace,4
mistral,CVE-2017-0144,Aviation,1
mistral,CVE-2017-0144,Defense,1
mistral,CVE-2017-0144,Energy,2
mistral,CVE-2017-0144,Finance,1
mistral,CVE-2017-0144,Government,2
mistral,CVE-2017-0144,Health,2
mistral,CVE-2017-0144,Sanctions,1
mistral,CVE-2017-0144,Semiconductors,1
mistral,CVE-2017-0145,Energy,1
mistral,CVE-2017-0145,Health,1
mistral,CVE-2017-0145,Water,1
mistral,CVE-2017-0199,Aerospace,3
mistral,CVE-2017-0199,Energy,1
mistral,CVE-2017-0199,Finance,5
mistral,CVE-2017-0199,Health,2
mistral,CVE-2017-0199,Manufacturing,1
mistral,CVE-2017-10271,Aviation,3
mistral,CVE-2017-10271,Government,1
mistral,CVE-2017-10271,Manufacturing,1
mistral,CVE-2017-10271,Telecom,1
mistral,CVE-2017-11292,Finance,1
mistral,CVE-2017-11882,Aerospace,7
mistral,CVE-2017-11882,Defense,1
mistral,CVE-2017-11882,Energy,1
mistral,CVE-2017-11882,Finance,3
mistral,CVE-2017-11882,Health,2
mistral,CVE-2017-11882,Semiconductors,1
mistral,CVE-2017-11882,Transport,6
mistral,CVE-2017-15893,Energy,1
mistral,CVE-2017-17215,Government,1
mistral,CVE-2017-5638,Finance,1
mistral,CVE-2017-5638,Government,2
mistral,CVE-2017-5638,Ports,2
mistral,CVE-2017-5638,Research,2
mistral,CVE-2017-5638,Transport,3
mistral,CVE-2017-5638,Water,2
mistral,CVE-2017-5689,Energy,1
mistral,CVE-2017-5753,Defense,1
mistral,CVE-2017-7494,Energy,7
mistral,CVE-2017-7494,Telecom,1
mistral,CVE-2017-8759,Manufacturing,1
mistral,CVE-2018-10008,Energy,1
mistral,CVE-2018-1000801,Energy,1
mistral,CVE-2018-13379,Energy,1
mistral,CVE-2018-13379,Government,6
mistral,CVE-2018-13699,Government,1
mistral,CVE-2019-0604,Finance,1
mistral,CVE-2019-0604,Health,1
mistral,CVE-2019-0604,Sanctions,1
mistral,CVE-2019-10559,Telecom,2
mistral,CVE-2019-11510,Finance,1
mistral,CVE-2019-11510,Telecom,2
mistral,CVE-2019-12305,Government,2
mistral,CVE-2019-12337,Government,2
mistral,CVE-2019-12338,Manufacturing,1
mistral,CVE-2019-12339,Government,1
mistral,CVE-2019-12345,Manufacturing,1
mistral,CVE-2019-123456,Manufacturing,2
mistral,CVE-2019-12358,Manufacturing,1
mistral,CVE-2019-12411,Energy,7
mistral,CVE-2019-12411,Manufacturing,2
mistral,CVE-2019-12687,Government,2
mistral,CVE-2019-13257,Defense,1
mistral,CVE-2019-13278,Defense,2
mistral,CVE-2019-13476,Telecom,2
mistral,CVE-2019-1350,Aviation,1
mistral,CVE-2019-13501,Government,2
mistral,CVE-2019-13773,Government,1
mistral,CVE-2019-13876,Government,6
mistral,CVE-2019-13877,Government,4
mistral,CVE-2019-1624,Cloud,1
mistral,CVE-2019-19781,Aerospace,12
mistral,CVE-2019-19781,Aviation,3
mistral,CVE-2019-19781,Cloud,1
mistral,CVE-2019-19781,Energy,8
mistral,CVE-2019-19781,Finance,8
mistral,CVE-2019-19781,Government,3
mistral,CVE-2019-19781,Health,1
mistral,CVE-2019-19781,Manufacturing,1
mistral,CVE-2019-19781,Parliament,1
mistral,CVE-2019-19781,Ports,4
mistral,CVE-2019-19781,Research,2
mistral,CVE-2019-19781,Semiconductors,1
mistral,CVE-2019-19781,Space,2
mistral,CVE-2019-19781,Telecom,5
mistral,CVE-2019-19781,Trade,1
mistral,CVE-2019-19781,Transport,10
mistral,CVE-2019-19781,Water,3
mistral,CVE-2019-6340,Government,2
mistral,CVE-2019-8641,Government,1
mistral,CVE-2020-0688,Energy,1
mistral,CVE-2020-0688,Health,1
mistral,CVE-2020-0688,Ports,1
mistral,CVE-2020-0688,Semiconductors,1
mistral,CVE-2020-12812,Energy,1
mistral,CVE-2020-1350,Manufacturing,1
mistral,CVE-2020-13504,Manufacturing,1
mistral,CVE-2020-13507,Manufacturing,5
mistral,CVE-2020-1472,Health,2
mistral,CVE-2020-1472,Space,2
mistral,CVE-2020-16898,Cloud,1
mistral,CVE-2020-3583,Government,1
mistral,CVE-2020-3607,Defense,1
mistral,CVE-2020-3618,Defense,1
mistral,CVE-2020-3620,Defense,1
mistral,CVE-2020-36589,Defense,2
mistral,CVE-2020-36680,Defense,1
mistral,CVE-2020-5902,Cloud,1
mistral,CVE-2020-8179,Government,1
mistral,CVE-2020-8554,Cloud,2
mistral,CVE-2020-8554,Government,1
mistral,CVE-2020-9458,Telecom,1
mistral,CVE-2021-1609,Government,4
mistral,CVE-2021-20037,Telecom,1
mistral,CVE-2021-26751,Aerospace,1
mistral,CVE-2021-26756,Transport,1
mistral,CVE-2021-26855,Energy,1
mistral,CVE-2021-26855,Telecom,1
mistral,CVE-2021-27004,Telecom,1
mistral,CVE-2021-27005,Telecom,1
mistral,CVE-2021-27019,Telecom,1
mistral,CVE-2021-30551,Cloud,3
mistral,CVE-2021-30551,Defense,4
mistral,CVE-2021-30551,Energy,6
mistral,CVE-2021-30551,Finance,1
mistral,CVE-2021-30551,Government,7
mistral,CVE-2021-30551,Health,1
mistral,CVE-2021-30551,Ports,2
mistral,CVE-2021-30551,Rail,2
mistral,CVE-2021-30551,Telecom,2
mistral,CVE-2021-30551,Trade,1
mistral,CVE-2021-30551,Transport,3
mistral,CVE-2021-30556,Cloud,1
mistral,CVE-2021-30556,Defense,1
mistral,CVE-2021-30559,Defense,1
mistral,CVE-2021-3066,Telecom,2
mistral,CVE-2021-30668,Telecom,1
mistral,CVE-2021-3069,Telecom,2
mistral,CVE-2021-30695,Energy,1
mistral,CVE-2021-3574,Government,2
mistral,CVE-2021-3575,Government,1
mistral,CVE-2021-3576,Government,1
mistral,CVE-2021-3578,Government,6
mistral,CVE-2021-3589,Government,2
mistral,CVE-2021-36780,Government,1
mistral,CVE-2021-36795,Defense,2
mistral,CVE-2021-36934,Government,2
mistral,CVE-2021-37869,Government,1
mistral,CVE-2021-39763,Government,1
mistral,CVE-2021-4034,Ports,1
mistral,CVE-2021-40444,Cloud,2
mistral,CVE-2021-40444,Defense,3
mistral,CVE-2021-40444,Energy,2
mistral,CVE-2021-40444,Government,4
mistral,CVE-2021-40444,Transport,3
mistral,CVE-2021-40506,Transport,1
mistral,CVE-2022-1317,Energy,1
mistral,CVE-2022-1319,Energy,1
mistral,CVE-2022-30166,Telecom,3
mistral,CVE-2022-3065,Telecom,1
mistral,CVE-2022-30668,Telecom,15
mistral,CVE-2023-1975,Telecom,1
