model,rank,cve,record_count,pct_of_cve_records,status
deepseek-r1,1,CVE-2021-4034,560,73.0,real
deepseek-r1,2,CVE-2021-44228,148,19.3,real
deepseek-r1,3,CVE-2021-3493,68,8.9,real
deepseek-r1,4,CVE-2021-3156,33,4.3,real
deepseek-r1,5,CVE-2021-4033,21,2.7,unverified
deepseek-r1,6,CVE-2020-1472,16,2.1,unverified
deepseek-r1,7,CVE-2021-4032,15,2.0,unverified
deepseek-r1,8,CVE-2021-3151,10,1.3,hallucinated
deepseek-r1,9,CVE-2021-3448,9,1.2,unverified
deepseek-r1,10,CVE-2021-44201,8,1.0,unverified
deepseek-r1,11,CVE-2017-0143,8,1.0,unverified
deepseek-r1,12,CVE-2023-12345,7,0.9,unverified
deepseek-r1,13,CVE-2018-1059,7,0.9,unverified
deepseek-r1,14,CVE-2021-34930,6,0.8,hallucinated
deepseek-r1,15,CVE-2021-33181,6,0.8,unverified
deepseek-r1,16,CVE-2021-33182,6,0.8,unverified
deepseek-r1,17,CVE-2022-22980,5,0.7,unverified
deepseek-r1,18,CVE-2021-1190,5,0.7,unverified
deepseek-r1,19,CVE-2021-3150,5,0.7,unverified
deepseek-r1,20,CVE-2021-34931,5,0.7,unverified
deepseek-r1,21,CVE-2020-1476,5,0.7,unverified
deepseek-r1,22,CVE-2021-34932,5,0.7,unverified
deepseek-r1,23,CVE-2021-3159,5,0.7,unverified
deepseek-r1,24,CVE-2021-26896,4,0.5,unverified
deepseek-r1,25,CVE-2021-4404,4,0.5,unverified
deepseek-r1,26,CVE-2021-1605,4,0.5,unverified
deepseek-r1,27,CVE-2021-3490,4,0.5,unverified
deepseek-r1,28,CVE-2020-1337,4,0.5,real
deepseek-r1,29,CVE-2021-34916,4,0.5,unverified
deepseek-r1,30,CVE-2022-26855,3,0.4,unverified
deepseek-r1,31,CVE-2017-0199,3,0.4,unverified
deepseek-r1,32,CVE-2021-42007,3,0.4,unverified
deepseek-r1,33,CVE-2021-34937,3,0.4,unverified
deepseek-r1,34,CVE-2022-26134,3,0.4,unverified
deepseek-r1,35,CVE-2023-3602,3,0.4,unverified
deepseek-r1,36,CVE-2019-0604,3,0.4,unverified
deepseek-r1,37,CVE-2021-34933,3,0.4,unverified
deepseek-r1,38,CVE-2021-31507,3,0.4,unverified
deepseek-r1,39,CVE-2023-20192,3,0.4,unverified
deepseek-r1,40,CVE-2021-31590,3,0.4,unverified
deepseek-r1,41,CVE-2021-32998,3,0.4,unverified
deepseek-r1,42,CVE-2021-32999,3,0.4,unverified
deepseek-r1,43,CVE-2021-34915,3,0.4,unverified
deepseek-r1,44,CVE-2021-34936,3,0.4,unverified
deepseek-r1,45,CVE-2021-1912,3,0.4,unverified
deepseek-r1,46,CVE-2023-45678,2,0.3,unverified
deepseek-r1,47,CVE-2023-45690,2,0.3,unverified
deepseek-r1,48,CVE-2023-48827,2,0.3,unverified
deepseek-r1,49,CVE-2023-48826,2,0.3,unverified
deepseek-r1,50,CVE-2022-22989,2,0.3,unverified
deepseek-r1,51,CVE-2021-44896,2,0.3,unverified
deepseek-r1,52,CVE-2021-44562,2,0.3,unverified
deepseek-r1,53,CVE-2021-34547,2,0.3,unverified
deepseek-r1,54,CVE-2023-20191,2,0.3,unverified
deepseek-r1,55,CVE-2023-20190,2,0.3,unverified
deepseek-r1,56,CVE-2023-32565,2,0.3,unverified
deepseek-r1,57,CVE-2022-26644,2,0.3,unverified
deepseek-r1,58,CVE-2021-30809,2,0.3,unverified
deepseek-r1,59,CVE-2021-30730,2,0.3,unverified
deepseek-r1,60,CVE-2015-3450,2,0.3,unverified
deepseek-r1,61,CVE-2021-4035,2,0.3,unverified
deepseek-r1,62,CVE-2021-20739,2,0.3,unverified
deepseek-r1,63,CVE-2023-20175,2,0.3,unverified
deepseek-r1,64,CVE-2021-3608,2,0.3,unverified
deepseek-r1,65,CVE-2017-17113,2,0.3,unverified
deepseek-r1,66,CVE-2021-34938,2,0.3,hallucinated
deepseek-r1,67,CVE-2023-4840,2,0.3,unverified
deepseek-r1,68,CVE-2018-11110,2,0.3,unverified
deepseek-r1,69,CVE-2019-19059,2,0.3,unverified
deepseek-r1,70,CVE-2021-20066,2,0.3,unverified
deepseek-r1,71,CVE-2022-22983,2,0.3,unverified
deepseek-r1,72,CVE-2021-30866,2,0.3,unverified
deepseek-r1,73,CVE-2021-34507,2,0.3,unverified
deepseek-r1,74,CVE-2021-44048,2,0.3,unverified
deepseek-r1,75,CVE-2021-33171,2,0.3,unverified
deepseek-r1,76,CVE-2018-10596,2,0.3,unverified
deepseek-r1,77,CVE-2021-22208,2,0.3,unverified
deepseek-r1,78,CVE-2020-10588,2,0.3,unverified
deepseek-r1,79,CVE-2017-0141,2,0.3,unverified
deepseek-r1,80,CVE-2017-0001,2,0.3,unverified
deepseek-r1,81,CVE-2020-1952,2,0.3,unverified
deepseek-r1,82,CVE-2021-26855,2,0.3,unverified
deepseek-r1,83,CVE-2021-44042,2,0.3,unverified
deepseek-r1,84,CVE-2020-1336,2,0.3,unverified
deepseek-r1,85,CVE-2023-3601,2,0.3,unverified
deepseek-r1,86,CVE-2023-2825,2,0.3,unverified
deepseek-r1,87,CVE-2023-2780,2,0.3,unverified
deepseek-r1,88,CVE-2020-1395,2,0.3,unverified
deepseek-r1,89,CVE-2021-22959,2,0.3,unverified
deepseek-r1,90,CVE-2021-44858,2,0.3,unverified
deepseek-r1,91,CVE-2021-22957,2,0.3,unverified
deepseek-r1,92,CVE-2021-41777,2,0.3,unverified
deepseek-r1,93,CVE-2023-67890,2,0.3,unverified
deepseek-r1,94,CVE-2021-31591,2,0.3,unverified
deepseek-r1,95,CVE-2020-3551,2,0.3,unverified
deepseek-r1,96,CVE-2021-34909,2,0.3,unverified
deepseek-r1,97,CVE-2021-34906,2,0.3,unverified
deepseek-r1,98,CVE-2021-34907,2,0.3,unverified
deepseek-r1,99,CVE-2023-24096,2,0.3,unverified
deepseek-r1,100,CVE-2021-33179,2,0.3,unverified
deepseek-r1,101,CVE-2021-33184,2,0.3,unverified
deepseek-r1,102,CVE-2021-33183,2,0.3,unverified
deepseek-r1,103,CVE-2021-33185,2,0.3,unverified
deepseek-r1,104,CVE-2021-3312,2,0.3,unverified
deepseek-r1,105,CVE-2021-3313,2,0.3,unverified
deepseek-r1,106,CVE-2021-32173,2,0.3,unverified
deepseek-r1,107,CVE-2021-33109,2,0.3,unverified
deepseek-r1,108,CVE-2021-33111,2,0.3,unverified
deepseek-r1,109,CVE-2021-33110,2,0.3,unverified
deepseek-r1,110,CVE-2021-36199,2,0.3,unverified
deepseek-r1,111,CVE-2021-36198,2,0.3,unverified
deepseek-r1,112,CVE-2023-24016,2,0.3,unverified
deepseek-r1,113,CVE-2021-34943,2,0.3,unverified
deepseek-r1,114,CVE-2021-33128,2,0.3,unverified
deepseek-r1,115,CVE-2023-1234,2,0.3,unverified
deepseek-r1,116,CVE-2021-3492,2,0.3,unverified
deepseek-r1,117,CVE-2021-1199,2,0.3,unverified
deepseek-r1,118,CVE-2020-1957,2,0.3,unverified
deepseek-r1,119,CVE-2023-20199,2,0.3,unverified
deepseek-r1,120,CVE-2021-1936,2,0.3,unverified
deepseek-r1,121,CVE-2021-44204,2,0.3,unverified
deepseek-r1,122,CVE-2021-34934,2,0.3,unverified
deepseek-r1,123,CVE-2021-42006,2,0.3,unverified
deepseek-r1,124,CVE-2021-32996,2,0.3,unverified
deepseek-r1,125,CVE-2021-32997,2,0.3,unverified
deepseek-r1,126,CVE-2024-1020,2,0.3,unverified
deepseek-r1,127,CVE-2022-26130,1,0.1,unverified
deepseek-r1,128,CVE-2021-20778,1,0.1,unverified
deepseek-r1,129,CVE-2023-2019,1,0.1,unverified
deepseek-r1,130,CVE-2019-0886,1,0.1,unverified
deepseek-r1,131,CVE-2019-0884,1,0.1,unverified
deepseek-r1,132,CVE-2020-15177,1,0.1,unverified
deepseek-r1,133,CVE-2021-1205,1,0.1,unverified
deepseek-r1,134,CVE-2023-47456,1,0.1,unverified
deepseek-r1,135,CVE-2021-30860,1,0.1,unverified
deepseek-r1,136,CVE-2023-20184,1,0.1,unverified
deepseek-r1,137,CVE-2022-26806,1,0.1,unverified
deepseek-r1,138,CVE-2023-20110,1,0.1,unverified
deepseek-r1,139,CVE-2023-20109,1,0.1,unverified
deepseek-r1,140,CVE-2023-20172,1,0.1,unverified
deepseek-r1,141,CVE-2021-20089,1,0.1,unverified
deepseek-r1,142,CVE-2023-12346,1,0.1,unverified
deepseek-r1,143,CVE-2021-32482,1,0.1,unverified
deepseek-r1,144,CVE-2021-30795,1,0.1,unverified
deepseek-r1,145,CVE-2021-30794,1,0.1,unverified
deepseek-r1,146,CVE-2021-4036,1,0.1,unverified
deepseek-r1,147,CVE-2020-0601,1,0.1,unverified
deepseek-r1,148,CVE-2020-12970,1,0.1,unverified
deepseek-r1,149,CVE-2021-40344,1,0.1,unverified
deepseek-r1,150,CVE-2019-1249,1,0.1,unverified
deepseek-r1,151,CVE-2019-12492,1,0.1,unverified
deepseek-r1,152,CVE-2023-20170,1,0.1,unverified
deepseek-r1,153,CVE-2021-44530,1,0.1,unverified
deepseek-r1,154,CVE-2021-1357,1,0.1,unverified
deepseek-r1,155,CVE-2023-28240,1,0.1,unverified
deepseek-r1,156,CVE-2018-10595,1,0.1,unverified
deepseek-r1,157,CVE-2020-1507,1,0.1,unverified
deepseek-r1,158,CVE-2023-2251,1,0.1,unverified
deepseek-r1,159,CVE-2023-24223,1,0.1,unverified
deepseek-r1,160,CVE-2021-3491,1,0.1,unverified
deepseek-r1,161,CVE-2021-11909,1,0.1,unverified
deepseek-r1,162,CVE-2023-20193,1,0.1,unverified
deepseek-r1,163,CVE-2021-34900,1,0.1,unverified
deepseek-r1,164,CVE-2023-48221,1,0.1,unverified
deepseek-r1,165,CVE-2023-48222,1,0.1,unverified
deepseek-r1,166,CVE-2021-34489,1,0.1,unverified
deepseek-r1,167,CVE-2023-2980,1,0.1,unverified
deepseek-r1,168,CVE-2022-26856,1,0.1,unverified
deepseek-r1,169,CVE-2023-2920,1,0.1,unverified
deepseek-r1,170,CVE-2023-20105,1,0.1,unverified
deepseek-r1,171,CVE-2023-2823,1,0.1,unverified
deepseek-r1,172,CVE-2020-13379,1,0.1,unverified
deepseek-r1,173,CVE-2014-0226,1,0.1,unverified
deepseek-r1,174,CVE-2022-26132,1,0.1,unverified
deepseek-r1,175,CVE-2021-19125,1,0.1,unverified
deepseek-r1,176,CVE-2024-67890,1,0.1,unverified
deepseek-r1,177,CVE-2024-78901,1,0.1,unverified
deepseek-r1,178,CVE-2023-20180,1,0.1,unverified
deepseek-r1,179,CVE-2023-23397,1,0.1,unverified
deepseek-r1,180,CVE-2021-44532,1,0.1,unverified
deepseek-r1,181,CVE-2021-27078,1,0.1,unverified
deepseek-r1,182,CVE-2023-24015,1,0.1,unverified
deepseek-r1,183,CVE-2023-23376,1,0.1,unverified
deepseek-r1,184,CVE-2023-23377,1,0.1,unverified
deepseek-r1,185,CVE-2018-11795,1,0.1,unverified
deepseek-r1,186,CVE-2023-23378,1,0.1,unverified
deepseek-r1,187,CVE-1234-5678,1,0.1,unverified
deepseek-r1,188,CVE-2018-10508,1,0.1,unverified
deepseek-r1,189,CVE-2020-1262,1,0.1,unverified
deepseek-r1,190,CVE-2021-3281,1,0.1,unverified
deepseek-r1,191,CVE-2018-10523,1,0.1,unverified
deepseek-r1,192,CVE-2023-24019,1,0.1,unverified
deepseek-r1,193,CVE-2023-24020,1,0.1,unverified
deepseek-r1,194,CVE-2022-22269,1,0.1,unverified
deepseek-r1,195,CVE-2021-38658,1,0.1,unverified
deepseek-r1,196,CVE-2021-38648,1,0.1,unverified
deepseek-r1,197,CVE-2020-13996,1,0.1,unverified
deepseek-r1,198,CVE-2018-10587,1,0.1,unverified
deepseek-r1,199,CVE-2023-22811,1,0.1,unverified
deepseek-r1,200,CVE-2021-35947,1,0.1,unverified
deepseek-r1,201,CVE-2021-35946,1,0.1,unverified
deepseek-r1,202,CVE-2022-26071,1,0.1,unverified
deepseek-r1,203,CVE-2021-37376,1,0.1,unverified
deepseek-r1,204,CVE-2023-24032,1,0.1,unverified
deepseek-r1,205,CVE-2021-33107,1,0.1,unverified
deepseek-r1,206,CVE-2021-41579,1,0.1,unverified
deepseek-r1,207,CVE-2021-44892,1,0.1,unverified
deepseek-r1,208,CVE-2023-46898,1,0.1,unverified
deepseek-r1,209,CVE-2021-31505,1,0.1,unverified
deepseek-r1,210,CVE-2021-20777,1,0.1,unverified
deepseek-r1,211,CVE-2021-1184,1,0.1,unverified
deepseek-r1,212,CVE-2018-20045,1,0.1,unverified
deepseek-r1,213,CVE-2023-2820,1,0.1,unverified
deepseek-r1,214,CVE-2023-24041,1,0.1,unverified
deepseek-r1,215,CVE-2021-31519,1,0.1,unverified
deepseek-r1,216,CVE-2021-36398,1,0.1,unverified
deepseek-r1,217,CVE-2021-34903,1,0.1,unverified
deepseek-r1,218,CVE-2019-15107,1,0.1,unverified
deepseek-r1,219,CVE-2020-16011,1,0.1,unverified
deepseek-r1,220,CVE-2021-1397,1,0.1,unverified
deepseek-r1,221,CVE-2019-12952,1,0.1,unverified
deepseek-r1,222,CVE-2021-3155,1,0.1,unverified
deepseek-r1,223,CVE-2018-14972,1,0.1,unverified
deepseek-r1,224,CVE-2020-1338,1,0.1,unverified
deepseek-r1,225,CVE-2017-5634,1,0.1,unverified
deepseek-r1,226,CVE-2023-48398,1,0.1,unverified
deepseek-r1,227,CVE-2021-34908,1,0.1,unverified
deepseek-r1,228,CVE-2021-31536,1,0.1,unverified
deepseek-r1,229,CVE-2022-26809,1,0.1,unverified
deepseek-r1,230,CVE-2021-45072,1,0.1,unverified
deepseek-r1,231,CVE-2021-44846,1,0.1,unverified
deepseek-r1,232,CVE-2017-5636,1,0.1,unverified
deepseek-r1,233,CVE-2021-21998,1,0.1,unverified
deepseek-r1,234,CVE-2020-0932,1,0.1,unverified
deepseek-r1,235,CVE-2023-48078,1,0.1,unverified
deepseek-r1,236,CVE-2018-10565,1,0.1,unverified
deepseek-r1,237,CVE-2022-11034,1,0.1,unverified
deepseek-r1,238,CVE-2021-44049,1,0.1,unverified
deepseek-r1,239,CVE-2019-0809,1,0.1,unverified
deepseek-r1,240,CVE-2022-23906,1,0.1,unverified
deepseek-r1,241,CVE-2023-2910,1,0.1,unverified
deepseek-r1,242,CVE-2021-32995,1,0.1,unverified
deepseek-r1,243,CVE-2020-0798,1,0.1,unverified
deepseek-r1,244,CVE-2021-4031,1,0.1,unverified
deepseek-r1,245,CVE-2017-1000353,1,0.1,unverified
deepseek-r1,246,CVE-2023-20152,1,0.1,unverified
deepseek-r1,247,CVE-2023-23146,1,0.1,unverified
deepseek-r1,248,CVE-2018-10539,1,0.1,unverified
deepseek-r1,249,CVE-2021-40348,1,0.1,unverified
deepseek-r1,250,CVE-2021-40327,1,0.1,unverified
deepseek-r1,251,CVE-2020-5902,1,0.1,unverified
deepseek-r1,252,CVE-2018-19999,1,0.1,unverified
deepseek-r1,253,CVE-2021-30498,1,0.1,unverified
deepseek-r1,254,CVE-2022-22981,1,0.1,unverified
deepseek-r1,255,CVE-2023-23339,1,0.1,unverified
deepseek-r1,256,CVE-2020-1391,1,0.1,unverified
deepseek-r1,257,CVE-2021-31503,1,0.1,unverified
deepseek-r1,258,CVE-2021-1673,1,0.1,unverified
deepseek-r1,259,CVE-2021-405150,1,0.1,unverified
deepseek-r1,260,CVE-2020-1390,1,0.1,unverified
deepseek-r1,261,CVE-2020-35676,1,0.1,unverified
deepseek-r1,262,CVE-2023-29720,1,0.1,unverified
deepseek-r1,263,CVE-2024-10960,1,0.1,unverified
deepseek-r1,264,CVE-2024-10924,1,0.1,unverified
deepseek-r1,265,CVE-2021-34939,1,0.1,unverified
deepseek-r1,266,CVE-2021-33194,1,0.1,unverified
deepseek-r1,267,CVE-2021-33193,1,0.1,unverified
deepseek-r1,268,CVE-2021-32993,1,0.1,unverified
deepseek-r1,269,CVE-2021-32994,1,0.1,unverified
deepseek-r1,270,CVE-2023-20628,1,0.1,unverified
deepseek-r1,271,CVE-2023-240985,1,0.1,unverified
deepseek-r1,272,CVE-2021-34942,1,0.1,unverified
deepseek-r1,273,CVE-2024-20251,1,0.1,unverified
deepseek-r1,274,CVE-2024-20252,1,0.1,unverified
qwen3,1,CVE-2023-1234,286,24.0,unverified
qwen3,2,CVE-2023-22891,258,21.6,unverified
qwen3,3,CVE-2021-44228,185,15.5,real
qwen3,4,CVE-2023-22892,122,10.2,unverified
qwen3,5,CVE-2023-22893,107,9.0,unverified
qwen3,6,CVE-2021-40444,65,5.5,real
qwen3,7,CVE-2023-5678,46,3.9,unverified
qwen3,8,CVE-2022-5678,41,3.4,unverified
qwen3,9,CVE-2022-3456,33,2.8,unverified
qwen3,10,CVE-2021-34507,29,2.4,unverified
qwen3,11,CVE-2021-34527,28,2.3,unverified
qwen3,12,CVE-2023-22894,27,2.3,unverified
qwen3,13,CVE-2022-3401,21,1.8,unverified
qwen3,14,CVE-2021-34523,19,1.6,unverified
qwen3,15,CVE-2023-1235,18,1.5,unverified
qwen3,16,CVE-2021-34508,16,1.3,unverified
qwen3,17,CVE-2023-29425,15,1.3,unverified
qwen3,18,CVE-2022-22944,13,1.1,unverified
qwen3,19,CVE-2023-32228,13,1.1,unverified
qwen3,20,CVE-2022-5645,12,1.0,unverified
qwen3,21,CVE-2023-30215,12,1.0,unverified
qwen3,22,CVE-2023-22511,11,0.9,unverified
qwen3,23,CVE-2022-4104,11,0.9,unverified
qwen3,24,CVE-2023-24822,10,0.8,unverified
qwen3,25,CVE-2023-2942,10,0.8,unverified
qwen3,26,CVE-2023-30216,9,0.8,unverified
qwen3,27,CVE-2023-2281,9,0.8,unverified
qwen3,28,CVE-2023-3865,8,0.7,unverified
qwen3,29,CVE-2023-22899,8,0.7,unverified
qwen3,30,CVE-2023-2289,7,0.6,unverified
qwen3,31,CVE-2023-22895,6,0.5,unverified
qwen3,32,CVE-2023-32220,6,0.5,unverified
qwen3,33,CVE-2021-3447,6,0.5,unverified
qwen3,34,CVE-2023-2251,5,0.4,unverified
qwen3,35,CVE-2023-3222,5,0.4,unverified
qwen3,36,CVE-2021-41379,5,0.4,unverified
qwen3,37,CVE-2023-24422,5,0.4,unverified
qwen3,38,CVE-2023-29427,5,0.4,unverified
qwen3,39,CVE-2023-2282,5,0.4,unverified
qwen3,40,CVE-2023-2280,5,0.4,unverified
qwen3,41,CVE-2023-28255,4,0.3,unverified
qwen3,42,CVE-2023-22514,4,0.3,unverified
qwen3,43,CVE-2023-2943,4,0.3,unverified
qwen3,44,CVE-2023-32928,4,0.3,unverified
qwen3,45,CVE-2023-29422,4,0.3,unverified
qwen3,46,CVE-2023-31222,4,0.3,unverified
qwen3,47,CVE-2022-1234,4,0.3,unverified
qwen3,48,CVE-2021-26855,4,0.3,unverified
qwen3,49,CVE-2023-4567,4,0.3,unverified
qwen3,50,CVE-2023-22896,3,0.3,unverified
qwen3,51,CVE-2022-4174,3,0.3,unverified
qwen3,52,CVE-2023-32225,3,0.3,unverified
qwen3,53,CVE-2023-29377,3,0.3,unverified
qwen3,54,CVE-2022-30866,3,0.3,unverified
qwen3,55,CVE-2023-29464,3,0.3,unverified
qwen3,56,CVE-2023-21601,3,0.3,unverified
qwen3,57,CVE-2023-29453,3,0.3,unverified
qwen3,58,CVE-2022-30861,3,0.3,unverified
qwen3,59,CVE-2023-29423,3,0.3,unverified
qwen3,60,CVE-2023-22513,3,0.3,unverified
qwen3,61,CVE-2023-46815,3,0.3,unverified
qwen3,62,CVE-2023-2164,3,0.3,unverified
qwen3,63,CVE-2023-24818,3,0.3,unverified
qwen3,64,CVE-2020-3581,3,0.3,unverified
qwen3,65,CVE-2020-0796,3,0.3,unverified
qwen3,66,CVE-2023-22828,3,0.3,unverified
qwen3,67,CVE-2023-22824,3,0.3,unverified
qwen3,68,CVE-2023-22961,2,0.2,unverified
qwen3,69,CVE-2021-4567,2,0.2,unverified
qwen3,70,CVE-2023-38655,2,0.2,unverified
qwen3,71,CVE-2017-0144,2,0.2,unverified
qwen3,72,CVE-2017-0145,2,0.2,unverified
qwen3,73,CVE-2023-24812,2,0.2,unverified
qwen3,74,CVE-2023-3126,2,0.2,unverified
qwen3,75,CVE-2023-21600,2,0.2,unverified
qwen3,76,CVE-2023-31262,2,0.2,unverified
qwen3,77,CVE-2023-31263,2,0.2,unverified
qwen3,78,CVE-2023-31223,2,0.2,unverified
qwen3,79,CVE-2022-30865,2,0.2,unverified
qwen3,80,CVE-2023-24128,2,0.2,unverified
qwen3,81,CVE-2023-24421,2,0.2,unverified
qwen3,82,CVE-2023-24821,2,0.2,unverified
qwen3,83,CVE-2023-46813,2,0.2,unverified
qwen3,84,CVE-2023-29315,2,0.2,unverified
qwen3,85,CVE-2023-22821,2,0.2,unverified
qwen3,86,CVE-2023-22518,2,0.2,unverified
qwen3,87,CVE-2023-22890,2,0.2,unverified
qwen3,88,CVE-2022-22947,2,0.2,real
qwen3,89,CVE-2023-4681,2,0.2,unverified
qwen3,90,CVE-2023-38647,2,0.2,unverified
qwen3,91,CVE-2023-46812,2,0.2,unverified
qwen3,92,CVE-2021-34501,2,0.2,unverified
qwen3,93,CVE-2021-34502,2,0.2,unverified
qwen3,94,CVE-2021-40445,2,0.2,unverified
qwen3,95,CVE-2023-22510,2,0.2,unverified
qwen3,96,CVE-2023-32224,2,0.2,unverified
qwen3,97,CVE-2020-1472,2,0.2,unverified
qwen3,98,CVE-2023-2161,2,0.2,unverified
qwen3,99,CVE-2023-3861,2,0.2,unverified
qwen3,100,CVE-2023-21602,2,0.2,unverified
qwen3,101,CVE-2023-29948,1,0.1,unverified
qwen3,102,CVE-2023-41112,1,0.1,unverified
qwen3,103,CVE-2022-1345,1,0.1,unverified
qwen3,104,CVE-2022-3086,1,0.1,unverified
qwen3,105,CVE-2022-2163,1,0.1,unverified
qwen3,106,CVE-2023-21422,1,0.1,unverified
qwen3,107,CVE-2023-21423,1,0.1,unverified
qwen3,108,CVE-2023-29376,1,0.1,unverified
qwen3,109,CVE-2022-24210,1,0.1,unverified
qwen3,110,CVE-2023-24115,1,0.1,unverified
qwen3,111,CVE-2023-25823,1,0.1,unverified
qwen3,112,CVE-2023-25822,1,0.1,unverified
qwen3,113,CVE-2023-24112,1,0.1,unverified
qwen3,114,CVE-2023-24423,1,0.1,unverified
qwen3,115,CVE-2023-1989,1,0.1,unverified
qwen3,116,CVE-2023-24823,1,0.1,unverified
qwen3,117,CVE-2021-34509,1,0.1,unverified
qwen3,118,CVE-2022-3797,1,0.1,unverified
qwen3,119,CVE-2023-22477,1,0.1,unverified
qwen3,120,CVE-2022-21624,1,0.1,unverified
qwen3,121,CVE-2022-2165,1,0.1,unverified
qwen3,122,CVE-2022-4147,1,0.1,unverified
qwen3,123,CVE-2022-21654,1,0.1,unverified
qwen3,124,CVE-2022-22946,1,0.1,unverified
qwen3,125,CVE-2023-29347,1,0.1,unverified
qwen3,126,CVE-2023-22966,1,0.1,unverified
qwen3,127,CVE-2023-2290,1,0.1,unverified
qwen3,128,CVE-2021-4510,1,0.1,unverified
qwen3,129,CVE-2021-4104,1,0.1,unverified
qwen3,130,CVE-2023-2935,1,0.1,unverified
qwen3,131,CVE-2023-22478,1,0.1,unverified
qwen3,132,CVE-2020-1946,1,0.1,unverified
qwen3,133,CVE-2021-21194,1,0.1,unverified
qwen3,134,CVE-2023-25152,1,0.1,unverified
qwen3,135,CVE-2023-46818,1,0.1,unverified
qwen3,136,CVE-2023-4111,1,0.1,unverified
qwen3,137,CVE-2023-27555,1,0.1,unverified
qwen3,138,CVE-2023-22515,1,0.1,unverified
qwen3,139,CVE-2023-32221,1,0.1,unverified
qwen3,140,CVE-2023-29420,1,0.1,unverified
qwen3,141,CVE-2022-37959,1,0.1,unverified
qwen3,142,CVE-2023-28258,1,0.1,unverified
qwen3,143,CVE-2023-21624,1,0.1,unverified
qwen3,144,CVE-2021-26875,1,0.1,unverified
qwen3,145,CVE-2023-44450,1,0.1,unverified
qwen3,146,CVE-2023-4446,1,0.1,unverified
qwen3,147,CVE-2023-38569,1,0.1,unverified
qwen3,148,CVE-2023-2902,1,0.1,unverified
qwen3,149,CVE-2024-21887,1,0.1,unverified
qwen3,150,CVE-2023-22913,1,0.1,unverified
qwen3,151,CVE-2023-22914,1,0.1,unverified
qwen3,152,CVE-2022-4133,1,0.1,unverified
qwen3,153,CVE-2020-1941,1,0.1,unverified
qwen3,154,CVE-2023-38614,1,0.1,unverified
qwen3,155,CVE-2023-22844,1,0.1,unverified
qwen3,156,CVE-2022-29884,1,0.1,unverified
qwen3,157,CVE-2023-4290,1,0.1,unverified
qwen3,158,CVE-2022-21856,1,0.1,unverified
qwen3,159,CVE-2023-28256,1,0.1,unverified
qwen3,160,CVE-2023-22845,1,0.1,unverified
qwen3,161,CVE-2023-22846,1,0.1,unverified
qwen3,162,CVE-2023-22859,1,0.1,unverified
qwen3,163,CVE-2023-38658,1,0.1,unverified
qwen3,164,CVE-2023-38568,1,0.1,unverified
qwen3,165,CVE-2022-2935,1,0.1,unverified
qwen3,166,CVE-2022-21861,1,0.1,unverified
qwen3,167,CVE-2023-28252,1,0.1,unverified
qwen3,168,CVE-2023-46814,1,0.1,unverified
qwen3,169,CVE-2023-32222,1,0.1,unverified
qwen3,170,CVE-2023-46816,1,0.1,unverified
qwen3,171,CVE-2022-5432,1,0.1,unverified
qwen3,172,CVE-2023-22812,1,0.1,unverified
qwen3,173,CVE-2023-32227,1,0.1,unverified
qwen3,174,CVE-2022-21652,1,0.1,unverified
qwen3,175,CVE-2023-29350,1,0.1,unverified
qwen3,176,CVE-2023-29341,1,0.1,unverified
qwen3,177,CVE-2023-22419,1,0.1,unverified
qwen3,178,CVE-2023-22825,1,0.1,unverified
qwen3,179,CVE-2023-22802,1,0.1,unverified
qwen3,180,CVE-2023-24106,1,0.1,unverified
qwen3,181,CVE-2023-22516,1,0.1,unverified
qwen3,182,CVE-2023-38645,1,0.1,unverified
qwen3,183,CVE-2022-4143,1,0.1,unverified
qwen3,184,CVE-2023-21658,1,0.1,unverified
qwen3,185,CVE-2023-29384,1,0.1,unverified
qwen3,186,CVE-2023-24129,1,0.1,unverified
qwen3,187,CVE-2023-3423,1,0.1,unverified
qwen3,188,CVE-2023-24814,1,0.1,unverified
qwen3,189,CVE-2023-24114,1,0.1,unverified
qwen3,190,CVE-2023-24964,1,0.1,unverified
qwen3,191,CVE-2023-24965,1,0.1,unverified
qwen3,192,CVE-2023-30648,1,0.1,unverified
qwen3,193,CVE-2023-24412,1,0.1,unverified
qwen3,194,CVE-2023-30690,1,0.1,unverified
qwen3,195,CVE-2023-1983,1,0.1,unverified
qwen3,196,CVE-2023-1984,1,0.1,unverified
qwen3,197,CVE-2023-30226,1,0.1,unverified
qwen3,198,CVE-2023-1845,1,0.1,unverified
qwen3,199,CVE-2023-30272,1,0.1,unverified
qwen3,200,CVE-2023-3021,1,0.1,unverified
qwen3,201,CVE-2023-3022,1,0.1,unverified
qwen3,202,CVE-2023-21612,1,0.1,unverified
qwen3,203,CVE-2023-24893,1,0.1,unverified
qwen3,204,CVE-2023-24892,1,0.1,unverified
qwen3,205,CVE-2023-29553,1,0.1,unverified
qwen3,206,CVE-2023-29421,1,0.1,unverified
qwen3,207,CVE-2023-34303,1,0.1,unverified
qwen3,208,CVE-2023-24816,1,0.1,unverified
qwen3,209,CVE-2023-4724,1,0.1,unverified
qwen3,210,CVE-2023-27957,1,0.1,unverified
qwen3,211,CVE-2020-2966,1,0.1,unverified
qwen3,212,CVE-2023-31864,1,0.1,unverified
qwen3,213,CVE-2020-3589,1,0.1,unverified
qwen3,214,CVE-2021-34506,1,0.1,unverified
qwen3,215,CVE-2022-2499,1,0.1,unverified
qwen3,216,CVE-2023-4752,1,0.1,unverified
qwen3,217,CVE-2023-2950,1,0.1,unverified
qwen3,218,CVE-2023-24291,1,0.1,unverified
qwen3,219,CVE-2023-24290,1,0.1,unverified
qwen3,220,CVE-2023-29444,1,0.1,unverified
qwen3,221,CVE-2023-24915,1,0.1,unverified
qwen3,222,CVE-2023-2951,1,0.1,unverified
qwen3,223,CVE-2023-2955,1,0.1,unverified
qwen3,224,CVE-2023-24391,1,0.1,unverified
qwen3,225,CVE-2023-24392,1,0.1,unverified
qwen3,226,CVE-2023-21657,1,0.1,unverified
qwen3,227,CVE-2023-26115,1,0.1,unverified
qwen3,228,CVE-2023-38282,1,0.1,unverified
qwen3,229,CVE-2023-38281,1,0.1,unverified
qwen3,230,CVE-2021-32173,1,0.1,unverified
qwen3,231,CVE-2023-39337,1,0.1,unverified
qwen3,232,CVE-2023-29394,1,0.1,unverified
qwen3,233,CVE-2023-24784,1,0.1,unverified
qwen3,234,CVE-2023-33194,1,0.1,unverified
qwen3,235,CVE-2023-2825,1,0.1,unverified
qwen3,236,CVE-2023-3864,1,0.1,unverified
qwen3,237,CVE-2023-22818,1,0.1,unverified
qwen3,238,CVE-2023-2162,1,0.1,unverified
qwen3,239,CVE-2023-22817,1,0.1,unverified
qwen3,240,CVE-2023-22816,1,0.1,unverified
qwen3,241,CVE-2023-25141,1,0.1,unverified
qwen3,242,CVE-2023-43922,1,0.1,unverified
qwen3,243,CVE-2023-29231,1,0.1,unverified
qwen3,244,CVE-2022-30867,1,0.1,unverified
qwen3,245,CVE-2023-2288,1,0.1,unverified
qwen3,246,CVE-2022-24382,1,0.1,unverified
qwen3,247,CVE-2020-0601,1,0.1,unverified
qwen3,248,CVE-2018-0235,1,0.1,unverified
qwen3,249,CVE-2023-29939,1,0.1,unverified
qwen3,250,CVE-2020-25644,1,0.1,unverified
qwen3,251,CVE-2023-29426,1,0.1,unverified
qwen3,252,CVE-2020-15525,1,0.1,unverified
qwen3,253,CVE-2023-24102,1,0.1,unverified
qwen3,254,CVE-2023-3829,1,0.1,unverified
qwen3,255,CVE-2023-29230,1,0.1,unverified
qwen3,256,CVE-2023-38625,1,0.1,unverified
qwen3,257,CVE-2023-22853,1,0.1,unverified
qwen3,258,CVE-2023-22822,1,0.1,unverified
qwen3,259,CVE-2023-29389,1,0.1,unverified
qwen3,260,CVE-2023-1200,1,0.1,unverified
qwen3,261,CVE-2023-22826,1,0.1,unverified
qwen3,262,CVE-2023-2296,1,0.1,unverified
qwen3,263,CVE-2023-28259,1,0.1,unverified
qwen3,264,CVE-2023-44453,1,0.1,unverified
qwen3,265,CVE-2023-44454,1,0.1,unverified
qwen3,266,CVE-2023-38607,1,0.1,unverified
qwen3,267,CVE-2023-22960,1,0.1,unverified
qwen3,268,CVE-2023-4445,1,0.1,unverified
qwen3,269,CVE-2023-24254,1,0.1,unverified
qwen3,270,CVE-2023-24156,1,0.1,unverified
qwen3,271,CVE-2023-24155,1,0.1,unverified
qwen3,272,CVE-2023-4863,1,0.1,unverified
qwen3,273,CVE-2023-29352,1,0.1,unverified
qwen3,274,CVE-2023-44458,1,0.1,unverified
qwen3,275,CVE-2023-21696,1,0.1,unverified
qwen3,276,CVE-2022-21807,1,0.1,unverified
qwen3,277,CVE-2023-4250,1,0.1,unverified
qwen3,278,CVE-2023-4720,1,0.1,unverified
qwen3,279,CVE-2022-21867,1,0.1,unverified
qwen3,280,CVE-2023-4112,1,0.1,unverified
qwen3,281,CVE-2023-29237,1,0.1,unverified
qwen3,282,CVE-2023-29232,1,0.1,unverified
qwen3,283,CVE-2023-29372,1,0.1,unverified
qwen3,284,CVE-2023-2931,1,0.1,unverified
qwen3,285,CVE-2023-22855,1,0.1,unverified
qwen3,286,CVE-2024-1234,1,0.1,unverified
qwen3,287,CVE-2023-22829,1,0.1,unverified
qwen3,288,CVE-2023-3856,1,0.1,unverified
qwen3,289,CVE-2023-22476,1,0.1,unverified
qwen3,290,CVE-2022-21651,1,0.1,unverified
qwen3,291,CVE-2023-3862,1,0.1,unverified
qwen3,292,CVE-2023-24213,1,0.1,unverified
qwen3,293,CVE-2023-24445,1,0.1,unverified
qwen3,294,CVE-2020-1945,1,0.1,unverified
qwen3,295,CVE-2023-25444,1,0.1,unverified
qwen3,296,CVE-2023-25445,1,0.1,unverified
qwen3,297,CVE-2023-29466,1,0.1,unverified
qwen3,298,CVE-2023-29467,1,0.1,unverified
qwen3,299,CVE-2023-24852,1,0.1,unverified
qwen3,300,CVE-2023-25536,1,0.1,unverified
qwen3,301,CVE-2023-25535,1,0.1,unverified
qwen3,302,CVE-2023-24428,1,0.1,unverified
qwen3,303,CVE-2023-24429,1,0.1,unverified
qwen3,304,CVE-2023-1842,1,0.1,unverified
qwen3,305,CVE-2023-3066,1,0.1,unverified
qwen3,306,CVE-2023-3065,1,0.1,unverified
qwen3,307,CVE-2023-30194,1,0.1,unverified
qwen3,308,CVE-2023-31283,1,0.1,unverified
qwen3,309,CVE-2023-21629,1,0.1,unverified
qwen3,310,CVE-2023-21603,1,0.1,unverified
qwen3,311,CVE-2023-21636,1,0.1,unverified
qwen3,312,CVE-2023-24882,1,0.1,unverified
qwen3,313,CVE-2023-24827,1,0.1,unverified
qwen3,314,CVE-2023-29263,1,0.1,unverified
qwen3,315,CVE-2023-24895,1,0.1,unverified
qwen3,316,CVE-2023-31275,1,0.1,unverified
qwen3,317,CVE-2021-34504,1,0.1,unverified
qwen3,318,CVE-2023-3124,1,0.1,unverified
qwen3,319,CVE-2021-3449,1,0.1,unverified
qwen3,320,CVE-2023-3116,1,0.1,unverified
qwen3,321,CVE-2021-34529,1,0.1,unverified
qwen3,322,CVE-2023-24938,1,0.1,unverified
qwen3,323,CVE-2023-24191,1,0.1,unverified
qwen3,324,CVE-2023-29465,1,0.1,unverified
qwen3,325,CVE-2023-24542,1,0.1,unverified
qwen3,326,CVE-2023-29712,1,0.1,unverified
qwen3,327,CVE-2023-29382,1,0.1,unverified
qwen3,328,CVE-2023-2134,1,0.1,unverified
qwen3,329,CVE-2023-29500,1,0.1,unverified
qwen3,330,CVE-2023-34257,1,0.1,unverified
qwen3,331,CVE-2023-34258,1,0.1,unverified
qwen3,332,CVE-2023-23125,1,0.1,unverified
qwen3,333,CVE-2023-24721,1,0.1,unverified
qwen3,334,CVE-2023-34276,1,0.1,unverified
qwen3,335,CVE-2023-32216,1,0.1,unverified
qwen3,336,CVE-2023-32217,1,0.1,unverified
llama31,1,CVE-2021-44228,357,48.6,real
llama31,2,CVE-2020-1472,79,10.8,unverified
llama31,3,CVE-2019-0604,48,6.5,unverified
llama31,4,CVE-2021-40444,40,5.4,real
llama31,5,CVE-2021-31440,16,2.2,unverified
llama31,6,CVE-2020-0601,12,1.6,unverified
llama31,7,CVE-2019-11510,10,1.4,unverified
llama31,8,CVE-2020-14779,10,1.4,unverified
llama31,9,CVE-2019-11599,10,1.4,unverified
llama31,10,CVE-2019-2725,9,1.2,real
llama31,11,CVE-2020-15782,9,1.2,unverified
llama31,12,CVE-2017-11882,9,1.2,unverified
llama31,13,CVE-2019-6445,8,1.1,unverified
llama31,14,CVE-2019-19781,8,1.1,unverified
llama31,15,CVE-2022-0001,6,0.8,unverified
llama31,16,CVE-2019-11598,5,0.7,unverified
llama31,17,CVE-2020-10135,4,0.5,unverified
llama31,18,CVE-2019-3398,4,0.5,unverified
llama31,19,CVE-2020-1234,4,0.5,unverified
llama31,20,CVE-2021-33899,4,0.5,unverified
llama31,21,CVE-2020-1576,4,0.5,unverified
llama31,22,CVE-2019-1458,4,0.5,unverified
llama31,23,CVE-2020-15505,3,0.4,unverified
llama31,24,CVE-2020-1553,3,0.4,unverified
llama31,25,CVE-2021-39157,3,0.4,unverified
llama31,26,CVE-2020-2652,3,0.4,unverified
llama31,27,CVE-2021-3492,3,0.4,unverified
llama31,28,CVE-2021-34700,3,0.4,unverified
llama31,29,CVE-2020-14777,3,0.4,unverified
llama31,30,CVE-2021-42252,3,0.4,unverified
llama31,31,CVE-2021-36222,3,0.4,unverified
llama31,32,CVE-2020-14775,3,0.4,unverified
llama31,33,CVE-2019-6446,2,0.3,unverified
llama31,34,CVE-2019-11791,2,0.3,unverified
llama31,35,CVE-2019-3396,2,0.3,unverified
llama31,36,CVE-2019-11009,2,0.3,unverified
llama31,37,CVE-2020-10189,2,0.3,unverified
llama31,38,CVE-2019-11596,2,0.3,unverified
llama31,39,CVE-2021-3064,2,0.3,unverified
llama31,40,CVE-2021-3156,2,0.3,real
llama31,41,CVE-2021-3711,2,0.3,unverified
llama31,42,CVE-2020-25592,2,0.3,unverified
llama31,43,CVE-2018-7600,2,0.3,unverified
llama31,44,CVE-2021-31955,2,0.3,unverified
llama31,45,CVE-2019-11539,2,0.3,unverified
llama31,46,CVE-2020-4006,2,0.3,unverified
llama31,47,CVE-2020-0608,2,0.3,unverified
llama31,48,CVE-2019-11815,2,0.3,unverified
llama31,49,CVE-2022-1234,2,0.3,unverified
llama31,50,CVE-2019-14451,2,0.3,unverified
llama31,51,CVE-2018-8453,2,0.3,unverified
llama31,52,CVE-2020-14720,2,0.3,unverified
llama31,53,CVE-2021-1647,2,0.3,unverified
llama31,54,CVE-2021-4034,1,0.1,real
llama31,55,CVE-2019-1204,1,0.1,unverified
llama31,56,CVE-2020-14778,1,0.1,unverified
llama31,57,CVE-2021-4405,1,0.1,unverified
llama31,58,CVE-2019-9468,1,0.1,unverified
llama31,59,CVE-2018-10562,1,0.1,unverified
llama31,60,CVE-2020-1555,1,0.1,unverified
llama31,61,CVE-2019-11826,1,0.1,unverified
llama31,62,CVE-2020-0609,1,0.1,unverified
llama31,63,CVE-2020-12812,1,0.1,unverified
llama31,64,CVE-2020-15078,1,0.1,unverified
llama31,65,CVE-2018-4878,1,0.1,unverified
llama31,66,CVE-2020-0796,1,0.1,unverified
llama31,67,CVE-2021-30148,1,0.1,unverified
llama31,68,CVE-2019-11001,1,0.1,unverified
llama31,69,CVE-2019-0547,1,0.1,unverified
llama31,70,CVE-2014-0160,1,0.1,unverified
llama31,71,CVE-2020-12805,1,0.1,unverified
llama31,72,CVE-2021-34755,1,0.1,unverified
llama31,73,CVE-2020-0017,1,0.1,unverified
llama31,74,CVE-2020-3113,1,0.1,unverified
llama31,75,CVE-2021-33197,1,0.1,unverified
llama31,76,CVE-2020-3566,1,0.1,unverified
llama31,77,CVE-2021-33154,1,0.1,unverified
llama31,78,CVE-2021-22989,1,0.1,unverified
llama31,79,CVE-2021-40539,1,0.1,unverified
llama31,80,CVE-2021-21449,1,0.1,unverified
llama31,81,CVE-2019-10946,1,0.1,unverified
llama31,82,CVE-2019-11899,1,0.1,unverified
llama31,83,CVE-2021-43890,1,0.1,unverified
llama31,84,CVE-2017-10145,1,0.1,unverified
llama31,85,CVE-2020-25506,1,0.1,unverified
llama31,86,CVE-2019-8330,1,0.1,unverified
llama31,87,CVE-2021-30154,1,0.1,unverified
llama31,88,CVE-2018-13379,1,0.1,unverified
llama31,89,CVE-2020-11934,1,0.1,unverified
llama31,90,CVE-2018-13153,1,0.1,unverified
llama31,91,CVE-2020-25594,1,0.1,unverified
llama31,92,CVE-2020-25595,1,0.1,unverified
llama31,93,CVE-2017-1000253,1,0.1,unverified
llama31,94,CVE-2019-5736,1,0.1,unverified
llama31,95,CVE-2020-15586,1,0.1,unverified
llama31,96,CVE-2020-14744,1,0.1,unverified
llama31,97,CVE-2020-4009,1,0.1,unverified
llama31,98,CVE-2020-11774,1,0.1,unverified
llama31,99,CVE-2022-27255,1,0.1,unverified
llama31,100,CVE-2020-2656,1,0.1,unverified
llama31,101,CVE-2022-1474,1,0.1,unverified
llama31,102,CVE-2021-3019,1,0.1,unverified
llama31,103,CVE-2020-2659,1,0.1,unverified
llama31,104,CVE-2018-3615,1,0.1,unverified
llama31,105,CVE-2020-5907,1,0.1,unverified
llama31,106,CVE-2020-12856,1,0.1,unverified
llama31,107,CVE-2020-2555,1,0.1,unverified
llama31,108,CVE-2023-1234,1,0.1,unverified
llama31,109,CVE-2019-19728,1,0.1,unverified
llama31,110,CVE-2022-35760,1,0.1,unverified
llama31,111,CVE-2020-14746,1,0.1,unverified
llama31,112,CVE-2022-29162,1,0.1,unverified
llama31,113,CVE-2020-14776,1,0.1,unverified
llama31,114,CVE-2019-1181,1,0.1,unverified
llama31,115,CVE-2019-16759,1,0.1,unverified
llama31,116,CVE-2020-0942,1,0.1,unverified
llama31,117,CVE-2019-11708,1,0.1,unverified
llama31,118,CVE-2019-2629,1,0.1,unverified
llama31,119,CVE-2019-5076,1,0.1,unverified
llama31,120,CVE-2019-6440,1,0.1,unverified
llama31,121,CVE-2021-21900,1,0.1,unverified
llama31,122,CVE-2021-1609,1,0.1,unverified
llama31,123,CVE-2021-1234,1,0.1,unverified
llama31,124,CVE-2022-32500,1,0.1,unverified
llama31,125,CVE-2020-0074,1,0.1,unverified
llama31,126,CVE-2022-20966,1,0.1,unverified
llama31,127,CVE-2022-20624,1,0.1,unverified
llama31,128,CVE-2018-0171,1,0.1,unverified
llama31,129,CVE-2021-26691,1,0.1,unverified
llama31,130,CVE-2019-11881,1,0.1,unverified
llama31,131,CVE-2019-13239,1,0.1,unverified
llama31,132,CVE-2019-10947,1,0.1,unverified
llama31,133,CVE-2019-11008,1,0.1,unverified
llama31,134,CVE-2022-0541,1,0.1,unverified
llama31,135,CVE-2020-15706,1,0.1,unverified
llama31,136,CVE-2020-2556,1,0.1,unverified
llama31,137,CVE-2021-0001,1,0.1,unverified
gemma3n,1,CVE-2017-0144,10,25.0,unverified
gemma3n,2,CVE-2023-23397,8,20.0,unverified
gemma3n,3,CVE-2023-0666,5,12.5,unverified
gemma3n,4,CVE-2023-0669,3,7.5,unverified
gemma3n,5,CVE-2023-0123,3,7.5,unverified
gemma3n,6,CVE-2023-23398,3,7.5,unverified
gemma3n,7,CVE-2023-0124,2,5.0,unverified
gemma3n,8,CVE-2023-0667,2,5.0,unverified
gemma3n,9,CVE-2021-23233,2,5.0,unverified
gemma3n,10,CVE-2020-14724,2,5.0,unverified
gemma3n,11,CVE-2023-32221,2,5.0,unverified
gemma3n,12,CVE-2023-0129,2,5.0,unverified
gemma3n,13,CVE-2023-1234,2,5.0,unverified
gemma3n,14,CVE-2019-0708,2,5.0,unverified
gemma3n,15,CVE-2021-44228,2,5.0,real
gemma3n,16,CVE-2023-23517,1,2.5,unverified
gemma3n,17,CVE-2024-5678,1,2.5,unverified
gemma3n,18,CVE-2023-4567,1,2.5,unverified
gemma3n,19,CVE-2022-44864,1,2.5,unverified
gemma3n,20,CVE-2020-0609,1,2.5,unverified
gemma3n,21,CVE-2023-22997,1,2.5,unverified
gemma3n,22,CVE-2023-22998,1,2.5,unverified
gemma3n,23,CVE-2019-11090,1,2.5,unverified
gemma3n,24,CVE-2017-10010,1,2.5,unverified
gemma3n,25,CVE-2017-0145,1,2.5,unverified
gemma3n,26,CVE-2017-11882,1,2.5,unverified
gemma3n,27,CVE-2014-4562,1,2.5,unverified
gemma3n,28,CVE-2023-23528,1,2.5,unverified
gemma3n,29,CVE-2023-23529,1,2.5,unverified
qwen3-nothink,1,CVE-2023-22892,121,22.7,unverified
qwen3-nothink,2,CVE-2023-22891,120,22.5,unverified
qwen3-nothink,3,CVE-2023-22893,64,12.0,unverified
qwen3-nothink,4,CVE-2021-44228,60,11.2,real
qwen3-nothink,5,CVE-2021-40444,57,10.7,real
qwen3-nothink,6,CVE-2023-1234,42,7.9,unverified
qwen3-nothink,7,CVE-2021-34527,40,7.5,unverified
qwen3-nothink,8,CVE-2023-22894,36,6.7,unverified
qwen3-nothink,9,CVE-2021-34523,30,5.6,unverified
qwen3-nothink,10,CVE-2023-5678,20,3.7,unverified
qwen3-nothink,11,CVE-2023-3021,17,3.2,unverified
qwen3-nothink,12,CVE-2023-3022,17,3.2,unverified
qwen3-nothink,13,CVE-2021-34528,15,2.8,unverified
qwen3-nothink,14,CVE-2023-2289,12,2.2,unverified
qwen3-nothink,15,CVE-2023-4446,11,2.1,unverified
qwen3-nothink,16,CVE-2021-34529,11,2.1,unverified
qwen3-nothink,17,CVE-2023-2281,10,1.9,unverified
qwen3-nothink,18,CVE-2023-29424,9,1.7,unverified
qwen3-nothink,19,CVE-2021-34507,9,1.7,unverified
qwen3-nothink,20,CVE-2023-22895,9,1.7,unverified
qwen3-nothink,21,CVE-2023-2290,8,1.5,unverified
qwen3-nothink,22,CVE-2021-34508,8,1.5,unverified
qwen3-nothink,23,CVE-2023-4445,7,1.3,unverified
qwen3-nothink,24,CVE-2022-5678,7,1.3,unverified
qwen3-nothink,25,CVE-2023-2942,6,1.1,unverified
qwen3-nothink,26,CVE-2023-2943,6,1.1,unverified
qwen3-nothink,27,CVE-2023-3023,6,1.1,unverified
qwen3-nothink,28,CVE-2023-2282,6,1.1,unverified
qwen3-nothink,29,CVE-2023-29425,5,0.9,unverified
qwen3-nothink,30,CVE-2023-29423,5,0.9,unverified
qwen3-nothink,31,CVE-2023-22896,5,0.9,unverified
qwen3-nothink,32,CVE-2023-2280,5,0.9,unverified
qwen3-nothink,33,CVE-2021-26855,4,0.7,unverified
qwen3-nothink,34,CVE-2021-40445,4,0.7,unverified
qwen3-nothink,35,CVE-2021-44872,4,0.7,unverified
qwen3-nothink,36,CVE-2023-29464,4,0.7,unverified
qwen3-nothink,37,CVE-2023-4681,4,0.7,unverified
qwen3-nothink,38,CVE-2023-4722,3,0.6,unverified
qwen3-nothink,39,CVE-2023-27555,3,0.6,unverified
qwen3-nothink,40,CVE-2023-45678,3,0.6,unverified
qwen3-nothink,41,CVE-2021-44875,2,0.4,unverified
qwen3-nothink,42,CVE-2021-44832,2,0.4,unverified
qwen3-nothink,43,CVE-2024-0123,2,0.4,unverified
qwen3-nothink,44,CVE-2023-9012,2,0.4,unverified
qwen3-nothink,45,CVE-2023-29358,2,0.4,unverified
qwen3-nothink,46,CVE-2021-45046,2,0.4,unverified
qwen3-nothink,47,CVE-2023-4723,2,0.4,unverified
qwen3-nothink,48,CVE-2023-29465,2,0.4,unverified
qwen3-nothink,49,CVE-2021-3450,2,0.4,unverified
qwen3-nothink,50,CVE-2021-3451,2,0.4,unverified
qwen3-nothink,51,CVE-2023-31264,2,0.4,unverified
qwen3-nothink,52,CVE-2023-41112,2,0.4,unverified
qwen3-nothink,53,CVE-2022-22944,2,0.4,unverified
qwen3-nothink,54,CVE-2023-3856,2,0.4,unverified
qwen3-nothink,55,CVE-2023-22872,2,0.4,unverified
qwen3-nothink,56,CVE-2023-2825,2,0.4,unverified
qwen3-nothink,57,CVE-2023-22809,2,0.4,unverified
qwen3-nothink,58,CVE-2023-44451,2,0.4,unverified
qwen3-nothink,59,CVE-2023-2935,2,0.4,unverified
qwen3-nothink,60,CVE-2023-22829,2,0.4,unverified
qwen3-nothink,61,CVE-2023-22828,2,0.4,unverified
qwen3-nothink,62,CVE-2021-34509,2,0.4,unverified
qwen3-nothink,63,CVE-2023-3222,2,0.4,unverified
qwen3-nothink,64,CVE-2023-28255,2,0.4,unverified
qwen3-nothink,65,CVE-2023-2287,2,0.4,unverified
qwen3-nothink,66,CVE-2021-41379,1,0.2,unverified
qwen3-nothink,67,CVE-2023-4590,1,0.2,unverified
qwen3-nothink,68,CVE-2023-29510,1,0.2,unverified
qwen3-nothink,69,CVE-2023-38640,1,0.2,unverified
qwen3-nothink,70,CVE-2023-4262,1,0.2,unverified
qwen3-nothink,71,CVE-2023-4261,1,0.2,unverified
qwen3-nothink,72,CVE-2023-4447,1,0.2,unverified
qwen3-nothink,73,CVE-2023-38653,1,0.2,unverified
qwen3-nothink,74,CVE-2024-28564,1,0.2,unverified
qwen3-nothink,75,CVE-2023-29411,1,0.2,unverified
qwen3-nothink,76,CVE-2023-29412,1,0.2,unverified
qwen3-nothink,77,CVE-2023-2980,1,0.2,unverified
qwen3-nothink,78,CVE-2022-24736,1,0.2,unverified
qwen3-nothink,79,CVE-2023-22947,1,0.2,unverified
qwen3-nothink,80,CVE-2022-22946,1,0.2,unverified
qwen3-nothink,81,CVE-2023-2949,1,0.2,unverified
qwen3-nothink,82,CVE-2023-22826,1,0.2,unverified
qwen3-nothink,83,CVE-2022-21858,1,0.2,unverified
qwen3-nothink,84,CVE-2023-22822,1,0.2,unverified
qwen3-nothink,85,CVE-2023-22821,1,0.2,unverified
qwen3-nothink,86,CVE-2023-22823,1,0.2,unverified
qwen3-nothink,87,CVE-2023-44456,1,0.2,unverified
qwen3-nothink,88,CVE-2023-3984,1,0.2,unverified
qwen3-nothink,89,CVE-2023-2168,1,0.2,unverified
qwen3-nothink,90,CVE-2023-2169,1,0.2,unverified
qwen3-nothink,91,CVE-2023-22808,1,0.2,unverified
qwen3-nothink,92,CVE-2023-22845,1,0.2,unverified
qwen3-nothink,93,CVE-2023-22846,1,0.2,unverified
qwen3-nothink,94,CVE-2023-29529,1,0.2,unverified
qwen3-nothink,95,CVE-2023-29528,1,0.2,unverified
qwen3-nothink,96,CVE-2023-22470,1,0.2,unverified
qwen3-nothink,97,CVE-2023-2164,1,0.2,unverified
qwen3-nothink,98,CVE-2023-32225,1,0.2,unverified
qwen3-nothink,99,CVE-2023-22810,1,0.2,unverified
qwen3-nothink,100,CVE-2023-22811,1,0.2,unverified
qwen3-nothink,101,CVE-2023-22925,1,0.2,unverified
qwen3-nothink,102,CVE-2023-2937,1,0.2,unverified
qwen3-nothink,103,CVE-2023-3864,1,0.2,unverified
qwen3-nothink,104,CVE-2023-22478,1,0.2,unverified
qwen3-nothink,105,CVE-2023-46815,1,0.2,unverified
qwen3-nothink,106,CVE-2023-4567,1,0.2,unverified
qwen3-nothink,107,CVE-2022-21650,1,0.2,unverified
qwen3-nothink,108,CVE-2017-0144,1,0.2,unverified
qwen3-nothink,109,CVE-2021-44229,1,0.2,unverified
qwen3-nothink,110,CVE-2023-12345,1,0.2,unverified
qwen3-nothink,111,CVE-2021-44744,1,0.2,unverified
qwen3-nothink,112,CVE-2023-42896,1,0.2,unverified
qwen3-nothink,113,CVE-2023-1983,1,0.2,unverified
qwen3-nothink,114,CVE-2023-1984,1,0.2,unverified
qwen3-nothink,115,CVE-2023-1982,1,0.2,unverified
qwen3-nothink,116,CVE-2023-30203,1,0.2,unverified
qwen3-nothink,117,CVE-2023-30204,1,0.2,unverified
qwen3-nothink,118,CVE-2023-3120,1,0.2,unverified
qwen3-nothink,119,CVE-2023-3122,1,0.2,unverified
qwen3-nothink,120,CVE-2023-3121,1,0.2,unverified
qwen3-nothink,121,CVE-2023-1913,1,0.2,unverified
qwen3-nothink,122,CVE-2023-1912,1,0.2,unverified
qwen3-nothink,123,CVE-2023-30848,1,0.2,unverified
qwen3-nothink,124,CVE-2023-30847,1,0.2,unverified
qwen3-nothink,125,CVE-2023-1814,1,0.2,unverified
qwen3-nothink,126,CVE-2023-1815,1,0.2,unverified
qwen3-nothink,127,CVE-2023-29157,1,0.2,unverified
qwen3-nothink,128,CVE-2023-29461,1,0.2,unverified
qwen3-nothink,129,CVE-2023-34449,1,0.2,unverified
qwen3-nothink,130,CVE-2023-29503,1,0.2,unverified
qwen3-nothink,131,CVE-2023-24886,1,0.2,unverified
qwen3-nothink,132,CVE-2023-2987,1,0.2,unverified
qwen3-nothink,133,CVE-2023-24314,1,0.2,unverified
qwen3-nothink,134,CVE-2022-24137,1,0.2,unverified
qwen3-nothink,135,CVE-2021-23095,1,0.2,unverified
qwen3-nothink,136,CVE-2020-3581,1,0.2,unverified
qwen3-nothink,137,CVE-2021-23094,1,0.2,unverified
qwen3-nothink,138,CVE-2022-24866,1,0.2,unverified
qwen3-nothink,139,CVE-2022-24867,1,0.2,unverified
qwen3-nothink,140,CVE-2022-24868,1,0.2,unverified
qwen3-nothink,141,CVE-2022-39329,1,0.2,unverified
qwen3-nothink,142,CVE-2023-31398,1,0.2,unverified
qwen3-nothink,143,CVE-2023-31399,1,0.2,unverified
qwen3-nothink,144,CVE-2023-44455,1,0.2,unverified
qwen3-nothink,145,CVE-2023-3126,1,0.2,unverified
qwen3-nothink,146,CVE-2023-2978,1,0.2,unverified
qwen3-nothink,147,CVE-2023-24456,1,0.2,unverified
qwen3-nothink,148,CVE-2023-24457,1,0.2,unverified
qwen3-nothink,149,CVE-2023-29451,1,0.2,unverified
qwen3-nothink,150,CVE-2023-29452,1,0.2,unverified
qwen3-nothink,151,CVE-2023-29501,1,0.2,unverified
qwen3-nothink,152,CVE-2023-29276,1,0.2,unverified
qwen3-nothink,153,CVE-2024-1234,1,0.2,unverified
qwen3-nothink,154,CVE-2023-4443,1,0.2,unverified
qwen3-nothink,155,CVE-2022-21642,1,0.2,unverified
qwen3-nothink,156,CVE-2023-2285,1,0.2,unverified
qwen3-nothink,157,CVE-2022-2161,1,0.2,unverified
qwen3-nothink,158,CVE-2023-28254,1,0.2,unverified
qwen3-nothink,159,CVE-2021-4104,1,0.2,unverified
qwen3-nothink,160,CVE-2024-29553,1,0.2,unverified
qwen3-nothink,161,CVE-2023-2928,1,0.2,unverified
qwen3-nothink,162,CVE-2023-3038,1,0.2,unverified
qwen3-nothink,163,CVE-2023-2122,1,0.2,unverified
qwen3-nothink,164,CVE-2023-29456,1,0.2,unverified
qwen3-nothink,165,CVE-2023-29455,1,0.2,unverified
qwen3-nothink,166,CVE-2023-3402,1,0.2,unverified
qwen3-nothink,167,CVE-2023-29494,1,0.2,unverified
qwen3-nothink,168,CVE-2023-22517,1,0.2,unverified
qwen3-nothink,169,CVE-2023-22513,1,0.2,unverified
qwen3-nothink,170,CVE-2024-21245,1,0.2,unverified
qwen3-nothink,171,CVE-2023-41203,1,0.2,unverified
qwen3-nothink,172,CVE-2023-4107,1,0.2,unverified
qwen3-nothink,173,CVE-2023-4106,1,0.2,unverified
qwen3-nothink,174,CVE-2023-29515,1,0.2,unverified
qwen3-nothink,175,CVE-2022-2164,1,0.2,unverified
qwen3-nothink,176,CVE-2022-21898,1,0.2,unverified
qwen3-nothink,177,CVE-2023-22897,1,0.2,unverified
qwen3-nothink,178,CVE-2023-22898,1,0.2,unverified
qwen3-nothink,179,CVE-2023-38652,1,0.2,unverified
qwen3-nothink,180,CVE-2023-22855,1,0.2,unverified
qwen3-nothink,181,CVE-2023-2288,1,0.2,unverified
qwen3-nothink,182,CVE-2023-4682,1,0.2,unverified
qwen3-nothink,183,CVE-2023-29775,1,0.2,unverified
qwen3-nothink,184,CVE-2023-29776,1,0.2,unverified
qwen3-nothink,185,CVE-2024-25262,1,0.2,unverified
qwen3-nothink,186,CVE-2024-23862,1,0.2,unverified
qwen3-nothink,187,CVE-2022-21657,1,0.2,unverified
qwen3-nothink,188,CVE-2023-22912,1,0.2,unverified
qwen3-nothink,189,CVE-2022-5645,1,0.2,unverified
qwen3-nothink,190,CVE-2023-29931,1,0.2,unverified
qwen3-nothink,191,CVE-2023-22843,1,0.2,unverified
qwen3-nothink,192,CVE-2023-25815,1,0.2,unverified
qwen3-nothink,193,CVE-2023-25817,1,0.2,unverified
qwen3-nothink,194,CVE-2023-25816,1,0.2,unverified
qwen3-nothink,195,CVE-2023-4721,1,0.2,unverified
qwen3-nothink,196,CVE-2023-1845,1,0.2,unverified
qwen3-nothink,197,CVE-2023-1846,1,0.2,unverified
qwen3-nothink,198,CVE-2023-30225,1,0.2,unverified
qwen3-nothink,199,CVE-2023-30226,1,0.2,unverified
qwen3-nothink,200,CVE-2023-30273,1,0.2,unverified
qwen3-nothink,201,CVE-2023-30272,1,0.2,unverified
qwen3-nothink,202,CVE-2023-21181,1,0.2,unverified
qwen3-nothink,203,CVE-2023-21180,1,0.2,unverified
qwen3-nothink,204,CVE-2023-21182,1,0.2,unverified
qwen3-nothink,205,CVE-2023-32223,1,0.2,unverified
qwen3-nothink,206,CVE-2023-32222,1,0.2,unverified
qwen3-nothink,207,CVE-2023-30451,1,0.2,unverified
qwen3-nothink,208,CVE-2023-30452,1,0.2,unverified
qwen3-nothink,209,CVE-2023-24193,1,0.2,unverified
qwen3-nothink,210,CVE-2023-24194,1,0.2,unverified
qwen3-nothink,211,CVE-2023-24907,1,0.2,unverified
qwen3-nothink,212,CVE-2023-24906,1,0.2,unverified
qwen3-nothink,213,CVE-2023-3216,1,0.2,unverified
qwen3-nothink,214,CVE-2023-3215,1,0.2,unverified
qwen3-nothink,215,CVE-2023-3217,1,0.2,unverified
qwen3-nothink,216,CVE-2023-29163,1,0.2,unverified
qwen3-nothink,217,CVE-2023-24723,1,0.2,unverified
qwen3-nothink,218,CVE-2021-34526,1,0.2,unverified
qwen3-nothink,219,CVE-2023-31293,1,0.2,unverified
qwen3-nothink,220,CVE-2023-31294,1,0.2,unverified
qwen3-nothink,221,CVE-2021-34530,1,0.2,unverified
qwen3-nothink,222,CVE-2020-3584,1,0.2,unverified
qwen3-nothink,223,CVE-2023-3384,1,0.2,unverified
qwen3-nothink,224,CVE-2022-34567,1,0.2,unverified
qwen3-nothink,225,CVE-2022-22940,1,0.2,unverified
qwen3-nothink,226,CVE-2023-29381,1,0.2,unverified
qwen3-nothink,227,CVE-2023-29380,1,0.2,unverified
qwen3-nothink,228,CVE-2023-22746,1,0.2,unverified
phi4,1,CVE-2021-44228,35,60.3,real
phi4,2,CVE-2020-10135,4,6.9,unverified
phi4,3,CVE-2020-1472,3,5.2,unverified
phi4,4,CVE-2020-1234,2,3.4,unverified
phi4,5,CVE-2020-15999,2,3.4,unverified
phi4,6,CVE-2021-34523,1,1.7,unverified
phi4,7,CVE-2022-22963,1,1.7,unverified
phi4,8,CVE-2022-30190,1,1.7,unverified
phi4,9,CVE-2022-21824,1,1.7,unverified
phi4,10,CVE-2021-28658,1,1.7,unverified
phi4,11,CVE-2021-45046,1,1.7,unverified
phi4,12,CVE-2019-15126,1,1.7,unverified
phi4,13,CVE-2021-40444,1,1.7,real
phi4,14,CVE-2022-26134,1,1.7,unverified
phi4,15,CVE-2019-19781,1,1.7,unverified
phi4,16,CVE-2021-2019,1,1.7,unverified
phi4,17,CVE-2021-41379,1,1.7,unverified
phi4,18,CVE-2020-3946,1,1.7,unverified
mistral,1,CVE-2019-19781,66,28.7,unverified
mistral,2,CVE-2021-30551,32,13.9,unverified
mistral,3,CVE-2017-11882,21,9.1,unverified
mistral,4,CVE-2017-0144,15,6.5,unverified
mistral,5,CVE-2022-30668,15,6.5,unverified
mistral,6,CVE-2021-40444,14,6.1,real
mistral,7,CVE-2017-0199,12,5.2,unverified
mistral,8,CVE-2017-5638,12,5.2,unverified
mistral,9,CVE-2019-12411,9,3.9,unverified
mistral,10,CVE-2017-7494,8,3.5,unverified
mistral,11,CVE-2018-13379,7,3.0,unverified
mistral,12,CVE-2017-10271,6,2.6,unverified
mistral,13,CVE-2021-3578,6,2.6,unverified
mistral,14,CVE-2019-13876,6,2.6,unverified
mistral,15,CVE-2020-13507,5,2.2,unverified
mistral,16,CVE-2021-1609,4,1.7,unverified
mistral,17,CVE-2019-13877,4,1.7,unverified
mistral,18,CVE-2020-0688,4,1.7,real
mistral,19,CVE-2020-1472,4,1.7,unverified
mistral,20,CVE-2020-8554,3,1.3,unverified
mistral,21,CVE-2019-11510,3,1.3,unverified
mistral,22,CVE-2022-30166,3,1.3,unverified
mistral,23,CVE-2017-0145,3,1.3,unverified
mistral,24,CVE-2019-0604,3,1.3,unverified
mistral,25,CVE-2019-13476,2,0.9,unverified
mistral,26,CVE-2019-10559,2,0.9,unverified
mistral,27,CVE-2021-3589,2,0.9,unverified
mistral,28,CVE-2021-3574,2,0.9,unverified
mistral,29,CVE-2019-123456,2,0.9,unverified
mistral,30,CVE-2019-12687,2,0.9,unverified
mistral,31,CVE-2019-13501,2,0.9,unverified
mistral,32,CVE-2019-12305,2,0.9,unverified
mistral,33,CVE-2019-12337,2,0.9,unverified
mistral,34,CVE-2021-36934,2,0.9,unverified
mistral,35,CVE-2021-36795,2,0.9,unverified
mistral,36,CVE-2019-13278,2,0.9,unverified
mistral,37,CVE-2020-36589,2,0.9,unverified
mistral,38,CVE-2021-26855,2,0.9,unverified
mistral,39,CVE-2021-3066,2,0.9,unverified
mistral,40,CVE-2021-3069,2,0.9,unverified
mistral,41,CVE-2019-6340,2,0.9,unverified
mistral,42,CVE-2021-30556,2,0.9,unverified
mistral,43,CVE-2021-26756,1,0.4,unverified
mistral,44,CVE-2021-40506,1,0.4,unverified
mistral,45,CVE-2021-26751,1,0.4,unverified
mistral,46,CVE-2017-15893,1,0.4,unverified
mistral,47,CVE-2018-10008,1,0.4,unverified
mistral,48,CVE-2018-1000801,1,0.4,unverified
mistral,49,CVE-2017-8759,1,0.4,unverified
mistral,50,CVE-2021-4034,1,0.4,real
mistral,51,CVE-2017-11292,1,0.4,unverified
mistral,52,CVE-2017-5753,1,0.4,unverified
mistral,53,CVE-2020-12812,1,0.4,unverified
mistral,54,CVE-2021-30695,1,0.4,unverified
mistral,55,CVE-2021-39763,1,0.4,unverified
mistral,56,CVE-2021-3576,1,0.4,unverified
mistral,57,CVE-2021-37869,1,0.4,unverified
mistral,58,CVE-2021-20037,1,0.4,unverified
mistral,59,CVE-2022-3065,1,0.4,unverified
mistral,60,CVE-2020-13504,1,0.4,unverified
mistral,61,CVE-2019-12358,1,0.4,unverified
mistral,62,CVE-2020-1350,1,0.4,unverified
mistral,63,CVE-2021-27019,1,0.4,unverified
mistral,64,CVE-2021-27004,1,0.4,unverified
mistral,65,CVE-2020-9458,1,0.4,unverified
mistral,66,CVE-2017-17215,1,0.4,unverified
mistral,67,CVE-2018-13699,1,0.4,unverified
mistral,68,CVE-2019-12339,1,0.4,unverified
mistral,69,CVE-2020-3618,1,0.4,unverified
mistral,70,CVE-2021-30559,1,0.4,unverified
mistral,71,CVE-2014-6271,1,0.4,unverified
mistral,72,CVE-2017-5689,1,0.4,unverified
mistral,73,CVE-2015-1635,1,0.4,unverified
mistral,74,CVE-2020-5902,1,0.4,unverified
mistral,75,CVE-2019-1624,1,0.4,unverified
mistral,76,CVE-2020-16898,1,0.4,unverified
mistral,77,CVE-2019-1350,1,0.4,unverified
mistral,78,CVE-2022-1317,1,0.4,unverified
mistral,79,CVE-2022-1319,1,0.4,unverified
mistral,80,CVE-2020-3583,1,0.4,unverified
mistral,81,CVE-2021-3575,1,0.4,unverified
mistral,82,CVE-2021-36780,1,0.4,unverified
mistral,83,CVE-2021-30668,1,0.4,unverified
mistral,84,CVE-2023-1975,1,0.4,unverified
mistral,85,CVE-2019-12338,1,0.4,unverified
mistral,86,CVE-2019-12345,1,0.4,unverified
mistral,87,CVE-2019-8641,1,0.4,unverified
mistral,88,CVE-2021-27005,1,0.4,unverified
mistral,89,CVE-2020-8179,1,0.4,unverified
mistral,90,CVE-2019-13773,1,0.4,unverified
mistral,91,CVE-2020-3607,1,0.4,unverified
mistral,92,CVE-2020-36680,1,0.4,unverified
mistral,93,CVE-2019-13257,1,0.4,unverified
mistral,94,CVE-2020-3620,1,0.4,unverified
